municipio,año,periodo,num_casos
BARANOA,2018,2,1
BARANOA,2018,4,1
BARANOA,2018,5,1
BARANOA,2018,6,2
BARANOA,2018,7,3
BARANOA,2018,8,7
BARANOA,2018,9,11
BARANOA,2018,10,32
BARANOA,2018,11,24
BARANOA,2018,12,26
BARANOA,2018,13,54
BARANOA,2019,1,55
BARANOA,2019,2,15
BARANOA,2019,3,19
BARANOA,2019,4,2
BARANOA,2019,5,5
BARANOA,2019,6,3
BARANOA,2019,7,6
BARANOA,2019,8,15
BARANOA,2019,9,27
BARANOA,2019,10,42
BARANOA,2019,11,54
BARANOA,2019,12,67
BARANOA,2019,13,85
BARANOA,2020,1,67
BARANOA,2020,2,31
BARANOA,2020,3,8
BARANOA,2020,4,4
BARANOA,2020,6,1
BARANOA,2020,8,7
BARANOA,2020,9,12
BARANOA,2020,10,7
BARANOA,2020,11,9
BARANOA,2020,12,11
BARANOA,2020,13,13
BARANOA,2021,1,4
BARANOA,2021,2,1
BARANOA,2021,4,1
BARANOA,2021,7,1
BARANOA,2021,8,2
BARANOA,2021,9,9
BARANOA,2021,10,24
BARANOA,2021,11,18
BARANOA,2021,12,29
BARANOA,2021,13,20
BARANOA,2022,1,6
BARANOA,2022,2,1
BARANOA,2022,3,1
BARANOA,2022,5,1
BARANOA,2022,6,5
BARANOA,2022,7,4
BARANOA,2022,8,15
BARANOA,2022,9,12
BARANOA,2022,10,11
BARANOA,2022,11,18
BARANOA,2022,12,15
BARANOA,2022,13,7
BARANOA,2023,1,12
BARANOA,2023,2,3
BARANOA,2023,3,2
BARANOA,2023,4,3
BARANOA,2023,5,2
BARANOA,2023,6,3
BARANOA,2023,7,2
BARANOA,2023,8,11
BARANOA,2023,9,6
BARANOA,2023,10,12
BARANOA,2023,11,4
BARANOA,2023,12,15
BARANOA,2023,13,14
CAMPO DE LA CRUZ,2019,5,1
CAMPO DE LA CRUZ,2019,7,7
CAMPO DE LA CRUZ,2019,8,4
CAMPO DE LA CRUZ,2019,9,4
CAMPO DE LA CRUZ,2019,10,2
CAMPO DE LA CRUZ,2019,11,2
CAMPO DE LA CRUZ,2019,12,2
CAMPO DE LA CRUZ,2019,13,8
CAMPO DE LA CRUZ,2020,1,4
CAMPO DE LA CRUZ,2020,3,1
CAMPO DE LA CRUZ,2020,8,1
CAMPO DE LA CRUZ,2021,7,1
CAMPO DE LA CRUZ,2021,8,1
CAMPO DE LA CRUZ,2021,10,2
CAMPO DE LA CRUZ,2021,11,1
CAMPO DE LA CRUZ,2021,12,3
CAMPO DE LA CRUZ,2021,13,7
CAMPO DE LA CRUZ,2022,1,2
CAMPO DE LA CRUZ,2022,2,17
CAMPO DE LA CRUZ,2022,3,5
CAMPO DE LA CRUZ,2022,4,5
CAMPO DE LA CRUZ,2022,5,3
CAMPO DE LA CRUZ,2022,6,11
CAMPO DE LA CRUZ,2022,7,13
CAMPO DE LA CRUZ,2022,8,10
CAMPO DE LA CRUZ,2022,9,6
CAMPO DE LA CRUZ,2022,10,3
CAMPO DE LA CRUZ,2022,11,2
CAMPO DE LA CRUZ,2022,12,2
CAMPO DE LA CRUZ,2023,3,1
CAMPO DE LA CRUZ,2023,5,1
CAMPO DE LA CRUZ,2023,6,1
CAMPO DE LA CRUZ,2023,7,6
CAMPO DE LA CRUZ,2023,8,4
CAMPO DE LA CRUZ,2023,9,1
CAMPO DE LA CRUZ,2023,10,2
CAMPO DE LA CRUZ,2023,13,1
CANDELARIA,2018,11,1
CANDELARIA,2019,5,1
CANDELARIA,2019,6,1
CANDELARIA,2019,7,3
CANDELARIA,2019,8,3
CANDELARIA,2019,9,3
CANDELARIA,2019,10,3
CANDELARIA,2019,11,8
CANDELARIA,2019,12,2
CANDELARIA,2019,13,4
CANDELARIA,2020,1,2
CANDELARIA,2021,10,1
CANDELARIA,2022,5,1
CANDELARIA,2022,6,2
CANDELARIA,2022,7,2
CANDELARIA,2022,8,3
CANDELARIA,2022,9,2
CANDELARIA,2022,11,2
CANDELARIA,2022,12,1
CANDELARIA,2023,2,2
CANDELARIA,2023,9,4
CANDELARIA,2023,13,1
GALAPA,2018,1,1
GALAPA,2018,2,1
GALAPA,2018,4,2
GALAPA,2018,5,3
GALAPA,2018,6,1
GALAPA,2018,7,4
GALAPA,2018,8,6
GALAPA,2018,9,3
GALAPA,2018,10,24
GALAPA,2018,11,19
GALAPA,2018,12,25
GALAPA,2018,13,47
GALAPA,2019,1,24
GALAPA,2019,2,8
GALAPA,2019,3,1
GALAPA,2019,4,3
GALAPA,2019,6,1
GALAPA,2019,7,3
GALAPA,2019,8,3
GALAPA,2019,9,2
GALAPA,2019,10,3
GALAPA,2019,11,2
GALAPA,2019,12,2
GALAPA,2019,13,10
GALAPA,2020,1,23
GALAPA,2020,2,4
GALAPA,2020,3,2
GALAPA,2020,4,1
GALAPA,2020,6,2
GALAPA,2020,12,1
GALAPA,2020,13,2
GALAPA,2021,1,7
GALAPA,2021,2,3
GALAPA,2021,6,1
GALAPA,2021,8,1
GALAPA,2021,9,6
GALAPA,2021,10,29
GALAPA,2021,11,28
GALAPA,2021,12,49
GALAPA,2021,13,42
GALAPA,2022,1,21
GALAPA,2022,2,13
GALAPA,2022,3,5
GALAPA,2022,4,5
GALAPA,2022,5,2
GALAPA,2022,6,11
GALAPA,2022,7,9
GALAPA,2022,8,38
GALAPA,2022,9,39
GALAPA,2022,10,39
GALAPA,2022,11,68
GALAPA,2022,12,59
GALAPA,2022,13,53
GALAPA,2023,1,35
GALAPA,2023,2,13
GALAPA,2023,3,1
GALAPA,2023,4,2
GALAPA,2023,5,2
GALAPA,2023,6,1
GALAPA,2023,7,3
GALAPA,2023,8,9
GALAPA,2023,9,4
GALAPA,2023,10,1
GALAPA,2023,11,2
GALAPA,2023,12,2
GALAPA,2023,13,1
JUAN DE ACOSTA,2018,1,1
JUAN DE ACOSTA,2018,4,1
JUAN DE ACOSTA,2018,5,5
JUAN DE ACOSTA,2018,6,3
JUAN DE ACOSTA,2018,7,2
JUAN DE ACOSTA,2018,8,4
JUAN DE ACOSTA,2018,9,7
JUAN DE ACOSTA,2018,10,6
JUAN DE ACOSTA,2018,11,4
JUAN DE ACOSTA,2018,12,5
JUAN DE ACOSTA,2018,13,11
JUAN DE ACOSTA,2019,1,7
JUAN DE ACOSTA,2019,3,4
JUAN DE ACOSTA,2019,4,1
JUAN DE ACOSTA,2019,5,1
JUAN DE ACOSTA,2019,7,3
JUAN DE ACOSTA,2019,8,4
JUAN DE ACOSTA,2019,9,3
JUAN DE ACOSTA,2019,10,1
JUAN DE ACOSTA,2019,11,2
JUAN DE ACOSTA,2019,12,6
JUAN DE ACOSTA,2019,13,2
JUAN DE ACOSTA,2020,1,2
JUAN DE ACOSTA,2020,3,3
JUAN DE ACOSTA,2020,10,1
JUAN DE ACOSTA,2020,12,1
JUAN DE ACOSTA,2020,13,2
JUAN DE ACOSTA,2021,1,3
JUAN DE ACOSTA,2021,2,1
JUAN DE ACOSTA,2021,6,3
JUAN DE ACOSTA,2021,8,1
JUAN DE ACOSTA,2021,9,4
JUAN DE ACOSTA,2021,10,1
JUAN DE ACOSTA,2021,11,2
JUAN DE ACOSTA,2021,12,9
JUAN DE ACOSTA,2021,13,3
JUAN DE ACOSTA,2022,1,8
JUAN DE ACOSTA,2022,2,3
JUAN DE ACOSTA,2022,3,1
JUAN DE ACOSTA,2022,5,1
JUAN DE ACOSTA,2022,6,2
JUAN DE ACOSTA,2022,7,15
JUAN DE ACOSTA,2022,8,5
JUAN DE ACOSTA,2022,9,3
JUAN DE ACOSTA,2022,10,7
JUAN DE ACOSTA,2022,11,19
JUAN DE ACOSTA,2022,12,14
JUAN DE ACOSTA,2022,13,21
JUAN DE ACOSTA,2023,1,8
JUAN DE ACOSTA,2023,2,8
JUAN DE ACOSTA,2023,3,5
JUAN DE ACOSTA,2023,5,1
JUAN DE ACOSTA,2023,6,2
JUAN DE ACOSTA,2023,7,2
JUAN DE ACOSTA,2023,8,3
JUAN DE ACOSTA,2023,9,1
JUAN DE ACOSTA,2023,13,1
LURUACO,2018,9,2
LURUACO,2018,13,3
LURUACO,2019,2,1
LURUACO,2019,4,1
LURUACO,2019,5,1
LURUACO,2019,7,1
LURUACO,2019,8,1
LURUACO,2019,9,1
LURUACO,2019,10,3
LURUACO,2019,11,11
LURUACO,2019,12,14
LURUACO,2019,13,15
LURUACO,2020,1,19
LURUACO,2020,2,7
LURUACO,2020,3,2
LURUACO,2020,4,1
LURUACO,2020,11,1
LURUACO,2020,13,1
LURUACO,2021,1,2
LURUACO,2021,3,1
LURUACO,2021,5,1
LURUACO,2021,7,6
LURUACO,2021,8,11
LURUACO,2021,9,63
LURUACO,2021,10,53
LURUACO,2021,11,27
LURUACO,2021,12,2
LURUACO,2021,13,2
LURUACO,2022,1,3
LURUACO,2022,2,1
LURUACO,2022,3,1
LURUACO,2022,7,2
LURUACO,2022,10,1
LURUACO,2022,11,2
LURUACO,2022,12,2
LURUACO,2023,2,1
LURUACO,2023,3,1
LURUACO,2023,6,1
LURUACO,2023,10,1
LURUACO,2023,11,1
LURUACO,2023,12,1
MALAMBO,2018,1,5
MALAMBO,2018,2,7
MALAMBO,2018,3,3
MALAMBO,2018,4,6
MALAMBO,2018,5,8
MALAMBO,2018,6,14
MALAMBO,2018,7,23
MALAMBO,2018,8,17
MALAMBO,2018,9,14
MALAMBO,2018,10,11
MALAMBO,2018,11,12
MALAMBO,2018,12,19
MALAMBO,2018,13,18
MALAMBO,2019,1,20
MALAMBO,2019,2,16
MALAMBO,2019,3,10
MALAMBO,2019,4,12
MALAMBO,2019,5,7
MALAMBO,2019,6,4
MALAMBO,2019,7,7
MALAMBO,2019,8,4
MALAMBO,2019,9,5
MALAMBO,2019,10,4
MALAMBO,2019,11,15
MALAMBO,2019,12,27
MALAMBO,2019,13,33
MALAMBO,2020,1,44
MALAMBO,2020,2,33
MALAMBO,2020,3,28
MALAMBO,2020,4,14
MALAMBO,2020,5,8
MALAMBO,2020,6,4
MALAMBO,2020,7,2
MALAMBO,2020,8,2
MALAMBO,2020,9,7
MALAMBO,2020,10,21
MALAMBO,2020,11,13
MALAMBO,2020,12,16
MALAMBO,2020,13,29
MALAMBO,2021,1,21
MALAMBO,2021,2,22
MALAMBO,2021,3,29
MALAMBO,2021,4,16
MALAMBO,2021,5,9
MALAMBO,2021,6,10
MALAMBO,2021,7,27
MALAMBO,2021,8,72
MALAMBO,2021,9,122
MALAMBO,2021,10,136
MALAMBO,2021,11,122
MALAMBO,2021,12,94
MALAMBO,2021,13,50
MALAMBO,2022,1,19
MALAMBO,2022,2,11
MALAMBO,2022,3,11
MALAMBO,2022,4,7
MALAMBO,2022,5,8
MALAMBO,2022,6,10
MALAMBO,2022,7,10
MALAMBO,2022,8,13
MALAMBO,2022,9,14
MALAMBO,2022,10,23
MALAMBO,2022,11,41
MALAMBO,2022,12,34
MALAMBO,2022,13,44
MALAMBO,2023,1,28
MALAMBO,2023,2,25
MALAMBO,2023,3,24
MALAMBO,2023,4,10
MALAMBO,2023,5,5
MALAMBO,2023,6,4
MALAMBO,2023,7,8
MALAMBO,2023,8,10
MALAMBO,2023,9,14
MALAMBO,2023,10,12
MALAMBO,2023,11,6
MALAMBO,2023,12,6
MALAMBO,2023,13,6
MANATÍ,2018,1,2
MANATÍ,2018,11,2
MANATÍ,2019,3,2
MANATÍ,2019,5,4
MANATÍ,2019,7,10
MANATÍ,2019,8,10
MANATÍ,2019,9,7
MANATÍ,2019,10,3
MANATÍ,2019,11,4
MANATÍ,2019,12,8
MANATÍ,2019,13,1
MANATÍ,2020,5,1
MANATÍ,2020,8,1
MANATÍ,2020,9,1
MANATÍ,2020,10,1
MANATÍ,2020,11,1
MANATÍ,2020,12,1
MANATÍ,2021,7,1
MANATÍ,2021,8,1
MANATÍ,2021,9,1
MANATÍ,2021,10,14
MANATÍ,2021,11,15
MANATÍ,2021,12,11
MANATÍ,2021,13,5
MANATÍ,2022,1,6
MANATÍ,2022,2,4
MANATÍ,2022,3,6
MANATÍ,2022,4,4
MANATÍ,2022,5,11
MANATÍ,2022,6,25
MANATÍ,2022,7,24
MANATÍ,2022,8,29
MANATÍ,2022,9,16
MANATÍ,2022,10,9
MANATÍ,2022,11,1
MANATÍ,2022,12,2
MANATÍ,2023,1,1
MANATÍ,2023,2,1
MANATÍ,2023,3,1
MANATÍ,2023,5,1
MANATÍ,2023,7,1
MANATÍ,2023,8,2
MANATÍ,2023,9,1
MANATÍ,2023,12,1
PALMAR DE VARELA,2018,5,1
PALMAR DE VARELA,2018,11,1
PALMAR DE VARELA,2018,12,2
PALMAR DE VARELA,2018,13,2
PALMAR DE VARELA,2019,1,5
PALMAR DE VARELA,2019,2,2
PALMAR DE VARELA,2019,5,1
PALMAR DE VARELA,2019,7,5
PALMAR DE VARELA,2019,8,7
PALMAR DE VARELA,2019,11,1
PALMAR DE VARELA,2019,12,2
PALMAR DE VARELA,2020,1,3
PALMAR DE VARELA,2020,2,11
PALMAR DE VARELA,2020,3,1
PALMAR DE VARELA,2020,5,1
PALMAR DE VARELA,2021,10,2
PALMAR DE VARELA,2021,11,2
PALMAR DE VARELA,2021,12,3
PALMAR DE VARELA,2021,13,1
PALMAR DE VARELA,2022,1,1
PALMAR DE VARELA,2022,4,2
PALMAR DE VARELA,2022,8,4
PALMAR DE VARELA,2022,9,1
PALMAR DE VARELA,2022,11,1
PALMAR DE VARELA,2022,12,5
PALMAR DE VARELA,2022,13,2
PALMAR DE VARELA,2023,1,4
PALMAR DE VARELA,2023,2,3
PALMAR DE VARELA,2023,3,1
PALMAR DE VARELA,2023,4,4
PALMAR DE VARELA,2023,5,5
PALMAR DE VARELA,2023,6,1
PALMAR DE VARELA,2023,7,1
PALMAR DE VARELA,2023,8,3
PALMAR DE VARELA,2023,9,2
PALMAR DE VARELA,2023,10,4
PALMAR DE VARELA,2023,11,2
PALMAR DE VARELA,2023,12,1
PIOJÓ,2018,5,1
PIOJÓ,2018,6,6
PIOJÓ,2020,3,2
PIOJÓ,2020,4,4
PIOJÓ,2021,1,1
PIOJÓ,2021,2,1
PIOJÓ,2021,3,1
PIOJÓ,2021,10,4
PIOJÓ,2021,11,2
PIOJÓ,2021,12,1
PIOJÓ,2022,3,1
PIOJÓ,2022,5,2
PIOJÓ,2022,6,3
PIOJÓ,2022,7,1
PIOJÓ,2022,10,1
PIOJÓ,2022,13,2
PIOJÓ,2023,7,2
PIOJÓ,2023,8,3
PIOJÓ,2023,9,6
PIOJÓ,2023,10,19
PIOJÓ,2023,12,3
PIOJÓ,2023,13,3
POLONUEVO,2018,1,2
POLONUEVO,2018,2,1
POLONUEVO,2018,5,1
POLONUEVO,2018,6,5
POLONUEVO,2018,7,14
POLONUEVO,2018,8,6
POLONUEVO,2018,9,11
POLONUEVO,2018,10,21
POLONUEVO,2018,11,61
POLONUEVO,2018,12,59
POLONUEVO,2018,13,18
POLONUEVO,2019,1,10
POLONUEVO,2019,2,2
POLONUEVO,2019,3,1
POLONUEVO,2019,4,2
POLONUEVO,2019,5,5
POLONUEVO,2019,6,5
POLONUEVO,2019,7,7
POLONUEVO,2019,8,35
POLONUEVO,2019,9,34
POLONUEVO,2019,10,4
POLONUEVO,2019,11,5
POLONUEVO,2019,12,1
POLONUEVO,2019,13,5
POLONUEVO,2020,1,6
POLONUEVO,2020,2,1
POLONUEVO,2020,3,1
POLONUEVO,2020,5,1
POLONUEVO,2020,6,1
POLONUEVO,2020,7,1
POLONUEVO,2020,10,2
POLONUEVO,2021,8,2
POLONUEVO,2021,9,3
POLONUEVO,2021,10,8
POLONUEVO,2021,11,6
POLONUEVO,2021,12,3
POLONUEVO,2021,13,5
POLONUEVO,2022,1,3
POLONUEVO,2022,4,3
POLONUEVO,2022,5,2
POLONUEVO,2022,6,1
POLONUEVO,2022,7,3
POLONUEVO,2022,8,2
POLONUEVO,2022,9,1
POLONUEVO,2022,10,3
POLONUEVO,2022,11,1
POLONUEVO,2022,12,5
POLONUEVO,2022,13,2
POLONUEVO,2023,1,1
POLONUEVO,2023,6,1
POLONUEVO,2023,7,4
POLONUEVO,2023,8,4
POLONUEVO,2023,10,1
POLONUEVO,2023,13,2
PONEDERA,2018,2,1
PONEDERA,2018,10,1
PONEDERA,2018,12,4
PONEDERA,2019,1,3
PONEDERA,2019,2,3
PONEDERA,2019,3,2
PONEDERA,2019,7,3
PONEDERA,2019,8,1
PONEDERA,2019,9,2
PONEDERA,2019,10,8
PONEDERA,2019,11,4
PONEDERA,2019,12,14
PONEDERA,2019,13,16
PONEDERA,2020,1,12
PONEDERA,2020,2,10
PONEDERA,2020,3,1
PONEDERA,2020,5,1
PONEDERA,2020,10,1
PONEDERA,2020,13,2
PONEDERA,2021,8,2
PONEDERA,2021,9,1
PONEDERA,2021,10,1
PONEDERA,2021,12,3
PONEDERA,2021,13,2
PONEDERA,2022,2,1
PONEDERA,2022,7,5
PONEDERA,2022,8,3
PONEDERA,2022,9,4
PONEDERA,2022,10,6
PONEDERA,2022,11,15
PONEDERA,2022,12,3
PONEDERA,2022,13,1
PONEDERA,2023,1,1
PONEDERA,2023,2,1
PONEDERA,2023,3,2
PONEDERA,2023,5,1
PONEDERA,2023,6,1
PONEDERA,2023,8,5
PONEDERA,2023,10,5
PONEDERA,2023,11,9
PONEDERA,2023,12,16
PONEDERA,2023,13,9
PUERTO COLOMBIA,2018,1,2
PUERTO COLOMBIA,2018,2,1
PUERTO COLOMBIA,2018,5,1
PUERTO COLOMBIA,2018,6,1
PUERTO COLOMBIA,2018,7,5
PUERTO COLOMBIA,2018,8,4
PUERTO COLOMBIA,2018,9,2
PUERTO COLOMBIA,2018,11,6
PUERTO COLOMBIA,2018,12,13
PUERTO COLOMBIA,2018,13,3
PUERTO COLOMBIA,2019,1,3
PUERTO COLOMBIA,2019,5,2
PUERTO COLOMBIA,2019,6,7
PUERTO COLOMBIA,2019,7,2
PUERTO COLOMBIA,2019,8,2
PUERTO COLOMBIA,2019,9,1
PUERTO COLOMBIA,2019,10,1
PUERTO COLOMBIA,2019,11,4
PUERTO COLOMBIA,2019,12,8
PUERTO COLOMBIA,2019,13,11
PUERTO COLOMBIA,2020,1,9
PUERTO COLOMBIA,2020,2,8
PUERTO COLOMBIA,2020,3,5
PUERTO COLOMBIA,2020,4,1
PUERTO COLOMBIA,2020,10,1
PUERTO COLOMBIA,2020,11,1
PUERTO COLOMBIA,2021,1,1
PUERTO COLOMBIA,2021,2,2
PUERTO COLOMBIA,2021,5,1
PUERTO COLOMBIA,2021,8,1
PUERTO COLOMBIA,2021,11,4
PUERTO COLOMBIA,2021,12,27
PUERTO COLOMBIA,2021,13,34
PUERTO COLOMBIA,2022,1,25
PUERTO COLOMBIA,2022,2,17
PUERTO COLOMBIA,2022,3,9
PUERTO COLOMBIA,2022,4,8
PUERTO COLOMBIA,2022,5,23
PUERTO COLOMBIA,2022,6,66
PUERTO COLOMBIA,2022,7,76
PUERTO COLOMBIA,2022,8,113
PUERTO COLOMBIA,2022,9,57
PUERTO COLOMBIA,2022,10,51
PUERTO COLOMBIA,2022,11,36
PUERTO COLOMBIA,2022,12,32
PUERTO COLOMBIA,2022,13,26
PUERTO COLOMBIA,2023,1,9
PUERTO COLOMBIA,2023,2,5
PUERTO COLOMBIA,2023,3,7
PUERTO COLOMBIA,2023,4,3
PUERTO COLOMBIA,2023,5,4
PUERTO COLOMBIA,2023,6,3
PUERTO COLOMBIA,2023,7,1
PUERTO COLOMBIA,2023,8,5
PUERTO COLOMBIA,2023,10,4
PUERTO COLOMBIA,2023,11,5
PUERTO COLOMBIA,2023,12,2
PUERTO COLOMBIA,2023,13,5
REPELÓN,2018,10,1
REPELÓN,2019,7,1
REPELÓN,2019,10,1
REPELÓN,2019,12,4
REPELÓN,2019,13,17
REPELÓN,2020,1,20
REPELÓN,2020,2,12
REPELÓN,2020,3,5
REPELÓN,2020,4,1
REPELÓN,2020,5,4
REPELÓN,2020,6,4
REPELÓN,2020,8,1
REPELÓN,2020,9,3
REPELÓN,2020,10,2
REPELÓN,2020,11,2
REPELÓN,2020,12,1
REPELÓN,2020,13,2
REPELÓN,2021,1,2
REPELÓN,2021,11,1
REPELÓN,2021,12,1
REPELÓN,2021,13,2
REPELÓN,2022,7,1
REPELÓN,2022,9,1
REPELÓN,2022,10,1
REPELÓN,2022,12,1
REPELÓN,2023,1,1
REPELÓN,2023,9,3
SABANAGRANDE,2018,1,2
SABANAGRANDE,2018,4,1
SABANAGRANDE,2018,6,1
SABANAGRANDE,2018,8,2
SABANAGRANDE,2018,9,1
SABANAGRANDE,2018,10,1
SABANAGRANDE,2018,11,3
SABANAGRANDE,2018,12,1
SABANAGRANDE,2019,3,2
SABANAGRANDE,2019,7,1
SABANAGRANDE,2019,8,2
SABANAGRANDE,2019,9,2
SABANAGRANDE,2019,10,2
SABANAGRANDE,2019,11,1
SABANAGRANDE,2019,12,1
SABANAGRANDE,2019,13,3
SABANAGRANDE,2020,1,4
SABANAGRANDE,2020,2,2
SABANAGRANDE,2020,11,1
SABANAGRANDE,2020,12,4
SABANAGRANDE,2020,13,16
SABANAGRANDE,2021,1,9
SABANAGRANDE,2021,2,2
SABANAGRANDE,2021,6,1
SABANAGRANDE,2021,10,2
SABANAGRANDE,2021,12,1
SABANAGRANDE,2021,13,4
SABANAGRANDE,2022,1,1
SABANAGRANDE,2022,2,1
SABANAGRANDE,2022,8,2
SABANAGRANDE,2022,9,3
SABANAGRANDE,2022,10,1
SABANAGRANDE,2022,11,4
SABANAGRANDE,2022,12,3
SABANAGRANDE,2023,1,1
SABANAGRANDE,2023,3,2
SABANAGRANDE,2023,4,1
SABANAGRANDE,2023,7,1
SABANAGRANDE,2023,10,1
SABANAGRANDE,2023,13,1
SABANALARGA,2018,1,1
SABANALARGA,2018,2,1
SABANALARGA,2018,3,2
SABANALARGA,2018,5,1
SABANALARGA,2018,6,3
SABANALARGA,2018,7,2
SABANALARGA,2018,8,8
SABANALARGA,2018,9,7
SABANALARGA,2018,10,10
SABANALARGA,2018,11,15
SABANALARGA,2018,12,21
SABANALARGA,2018,13,28
SABANALARGA,2019,1,30
SABANALARGA,2019,2,19
SABANALARGA,2019,3,7
SABANALARGA,2019,4,10
SABANALARGA,2019,5,18
SABANALARGA,2019,6,15
SABANALARGA,2019,7,35
SABANALARGA,2019,8,27
SABANALARGA,2019,9,28
SABANALARGA,2019,10,17
SABANALARGA,2019,11,35
SABANALARGA,2019,12,37
SABANALARGA,2019,13,43
SABANALARGA,2020,1,31
SABANALARGA,2020,2,16
SABANALARGA,2020,3,6
SABANALARGA,2020,4,2
SABANALARGA,2020,6,2
SABANALARGA,2020,8,4
SABANALARGA,2020,9,7
SABANALARGA,2020,10,7
SABANALARGA,2020,11,16
SABANALARGA,2020,12,9
SABANALARGA,2020,13,22
SABANALARGA,2021,1,9
SABANALARGA,2021,2,3
SABANALARGA,2021,4,1
SABANALARGA,2021,5,2
SABANALARGA,2021,6,1
SABANALARGA,2021,7,4
SABANALARGA,2021,8,12
SABANALARGA,2021,9,14
SABANALARGA,2021,10,15
SABANALARGA,2021,11,48
SABANALARGA,2021,12,39
SABANALARGA,2021,13,26
SABANALARGA,2022,1,22
SABANALARGA,2022,2,8
SABANALARGA,2022,3,5
SABANALARGA,2022,4,7
SABANALARGA,2022,5,6
SABANALARGA,2022,6,20
SABANALARGA,2022,7,40
SABANALARGA,2022,8,46
SABANALARGA,2022,9,41
SABANALARGA,2022,10,24
SABANALARGA,2022,11,42
SABANALARGA,2022,12,25
SABANALARGA,2022,13,25
SABANALARGA,2023,1,14
SABANALARGA,2023,2,8
SABANALARGA,2023,3,3
SABANALARGA,2023,4,5
SABANALARGA,2023,5,2
SABANALARGA,2023,6,2
SABANALARGA,2023,7,1
SABANALARGA,2023,8,5
SABANALARGA,2023,9,4
SABANALARGA,2023,10,3
SABANALARGA,2023,11,4
SABANALARGA,2023,12,2
SABANALARGA,2023,13,3
SANTA LUCÍA,2019,4,1
SANTA LUCÍA,2019,13,2
SANTA LUCÍA,2020,1,1
SANTA LUCÍA,2020,5,3
SANTA LUCÍA,2020,6,3
SANTA LUCÍA,2020,7,1
SANTA LUCÍA,2020,8,4
SANTA LUCÍA,2020,9,4
SANTA LUCÍA,2020,10,1
SANTA LUCÍA,2021,10,2
SANTA LUCÍA,2021,11,3
SANTA LUCÍA,2021,12,1
SANTA LUCÍA,2021,13,2
SANTA LUCÍA,2022,1,3
SANTA LUCÍA,2022,2,5
SANTA LUCÍA,2022,3,1
SANTA LUCÍA,2022,4,1
SANTA LUCÍA,2022,13,1
SANTA LUCÍA,2023,1,1
SANTA LUCÍA,2023,5,1
SANTO TOMÁS,2018,1,2
SANTO TOMÁS,2018,3,1
SANTO TOMÁS,2018,5,1
SANTO TOMÁS,2018,6,1
SANTO TOMÁS,2018,11,1
SANTO TOMÁS,2018,12,1
SANTO TOMÁS,2019,5,1
SANTO TOMÁS,2019,6,1
SANTO TOMÁS,2019,7,2
SANTO TOMÁS,2019,8,2
SANTO TOMÁS,2019,9,1
SANTO TOMÁS,2019,11,2
SANTO TOMÁS,2019,12,1
SANTO TOMÁS,2019,13,1
SANTO TOMÁS,2020,1,1
SANTO TOMÁS,2020,2,2
SANTO TOMÁS,2020,3,1
SANTO TOMÁS,2020,4,1
SANTO TOMÁS,2020,8,1
SANTO TOMÁS,2020,11,2
SANTO TOMÁS,2020,13,1
SANTO TOMÁS,2021,1,2
SANTO TOMÁS,2021,9,1
SANTO TOMÁS,2021,10,1
SANTO TOMÁS,2021,11,1
SANTO TOMÁS,2021,12,4
SANTO TOMÁS,2021,13,2
SANTO TOMÁS,2022,1,1
SANTO TOMÁS,2022,2,1
SANTO TOMÁS,2022,3,1
SANTO TOMÁS,2022,4,2
SANTO TOMÁS,2022,8,1
SANTO TOMÁS,2022,9,2
SANTO TOMÁS,2022,10,1
SANTO TOMÁS,2022,11,4
SANTO TOMÁS,2022,12,1
SANTO TOMÁS,2022,13,2
SANTO TOMÁS,2023,1,3
SANTO TOMÁS,2023,5,4
SANTO TOMÁS,2023,6,1
SANTO TOMÁS,2023,8,1
SANTO TOMÁS,2023,9,1
SANTO TOMÁS,2023,10,2
SANTO TOMÁS,2023,11,2
SANTO TOMÁS,2023,12,4
SANTO TOMÁS,2023,13,1
SOLEDAD,2018,1,132
SOLEDAD,2018,2,88
SOLEDAD,2018,3,25
SOLEDAD,2018,4,15
SOLEDAD,2018,5,19
SOLEDAD,2018,6,11
SOLEDAD,2018,7,24
SOLEDAD,2018,8,42
SOLEDAD,2018,9,47
SOLEDAD,2018,10,53
SOLEDAD,2018,11,51
SOLEDAD,2018,12,84
SOLEDAD,2018,13,84
SOLEDAD,2019,1,82
SOLEDAD,2019,2,48
SOLEDAD,2019,3,11
SOLEDAD,2019,4,9
SOLEDAD,2019,5,8
SOLEDAD,2019,6,14
SOLEDAD,2019,7,27
SOLEDAD,2019,8,32
SOLEDAD,2019,9,19
SOLEDAD,2019,10,26
SOLEDAD,2019,11,55
SOLEDAD,2019,12,123
SOLEDAD,2019,13,156
SOLEDAD,2020,1,203
SOLEDAD,2020,2,107
SOLEDAD,2020,3,37
SOLEDAD,2020,4,6
SOLEDAD,2020,5,4
SOLEDAD,2020,6,6
SOLEDAD,2020,7,3
SOLEDAD,2020,8,4
SOLEDAD,2020,9,9
SOLEDAD,2020,10,10
SOLEDAD,2020,11,10
SOLEDAD,2020,12,20
SOLEDAD,2020,13,43
SOLEDAD,2021,1,25
SOLEDAD,2021,2,26
SOLEDAD,2021,3,13
SOLEDAD,2021,4,8
SOLEDAD,2021,5,5
SOLEDAD,2021,6,14
SOLEDAD,2021,7,20
SOLEDAD,2021,8,34
SOLEDAD,2021,9,81
SOLEDAD,2021,10,186
SOLEDAD,2021,11,292
SOLEDAD,2021,12,500
SOLEDAD,2021,13,347
SOLEDAD,2022,1,184
SOLEDAD,2022,2,118
SOLEDAD,2022,3,54
SOLEDAD,2022,4,23
SOLEDAD,2022,5,17
SOLEDAD,2022,6,30
SOLEDAD,2022,7,61
SOLEDAD,2022,8,106
SOLEDAD,2022,9,136
SOLEDAD,2022,10,184
SOLEDAD,2022,11,287
SOLEDAD,2022,12,418
SOLEDAD,2022,13,507
SOLEDAD,2023,1,402
SOLEDAD,2023,2,210
SOLEDAD,2023,3,72
SOLEDAD,2023,4,32
SOLEDAD,2023,5,49
SOLEDAD,2023,6,32
SOLEDAD,2023,7,49
SOLEDAD,2023,8,102
SOLEDAD,2023,9,71
SOLEDAD,2023,10,64
SOLEDAD,2023,11,45
SOLEDAD,2023,12,68
SOLEDAD,2023,13,54
SUAN,2018,6,1
SUAN,2019,1,1
SUAN,2019,2,1
SUAN,2019,6,1
SUAN,2019,7,2
SUAN,2019,8,1
SUAN,2019,9,5
SUAN,2019,10,1
SUAN,2019,11,1
SUAN,2019,12,4
SUAN,2019,13,3
SUAN,2020,1,9
SUAN,2020,2,3
SUAN,2020,3,1
SUAN,2020,4,2
SUAN,2021,11,1
SUAN,2021,12,1
SUAN,2021,13,2
SUAN,2022,1,4
SUAN,2022,2,12
SUAN,2022,3,7
SUAN,2022,4,2
SUAN,2022,5,5
SUAN,2022,6,14
SUAN,2022,7,7
SUAN,2022,8,10
SUAN,2022,9,3
SUAN,2022,10,1
SUAN,2023,6,2
SUAN,2023,8,1
SUAN,2023,9,4
SUAN,2023,10,3
SUAN,2023,12,4
TUBARÁ,2018,7,1
TUBARÁ,2018,8,3
TUBARÁ,2018,9,2
TUBARÁ,2018,10,3
TUBARÁ,2018,11,1
TUBARÁ,2018,13,1
TUBARÁ,2019,1,1
TUBARÁ,2019,7,1
TUBARÁ,2019,11,2
TUBARÁ,2020,1,4
TUBARÁ,2020,2,10
TUBARÁ,2020,3,1
TUBARÁ,2020,6,1
TUBARÁ,2020,7,1
TUBARÁ,2021,5,1
TUBARÁ,2021,9,1
TUBARÁ,2021,11,3
TUBARÁ,2021,12,3
TUBARÁ,2021,13,1
TUBARÁ,2022,1,1
TUBARÁ,2022,2,1
TUBARÁ,2022,3,1
TUBARÁ,2022,4,1
TUBARÁ,2022,5,1
TUBARÁ,2022,7,6
TUBARÁ,2022,10,1
TUBARÁ,2022,11,7
TUBARÁ,2022,12,9
TUBARÁ,2022,13,1
TUBARÁ,2023,2,1
TUBARÁ,2023,4,1
TUBARÁ,2023,7,1
TUBARÁ,2023,12,1
USIACURÍ,2018,1,1
USIACURÍ,2018,6,1
USIACURÍ,2018,7,4
USIACURÍ,2018,8,5
USIACURÍ,2018,11,2
USIACURÍ,2018,12,3
USIACURÍ,2018,13,2
USIACURÍ,2019,2,2
USIACURÍ,2019,7,1
USIACURÍ,2019,9,3
USIACURÍ,2019,12,1
USIACURÍ,2020,2,1
USIACURÍ,2020,10,1
USIACURÍ,2021,13,2
USIACURÍ,2022,1,1
USIACURÍ,2022,5,2
USIACURÍ,2022,7,1
USIACURÍ,2022,11,2
USIACURÍ,2022,12,1
USIACURÍ,2022,13,2
USIACURÍ,2023,1,1
USIACURÍ,2023,4,2
USIACURÍ,2023,5,5
USIACURÍ,2023,6,7
USIACURÍ,2023,7,46
USIACURÍ,2023,8,62
USIACURÍ,2023,9,23
USIACURÍ,2023,10,29
USIACURÍ,2023,11,24
USIACURÍ,2023,12,11
USIACURÍ,2023,13,2
