DP,DPNOM,AÑO,ÁREA GEOGRÁFICA,Población
05,Antioquia,2005,Cabecera,"4,037,095"
05,Antioquia,2005,Centros Poblados y Rural Disperso,"1,423,748"
05,Antioquia,2005,Total,"5,460,843"
05,Antioquia,2006,Cabecera,"4,106,148"
05,Antioquia,2006,Centros Poblados y Rural Disperso,"1,421,973"
05,Antioquia,2006,Total,"5,528,121"
05,Antioquia,2007,Cabecera,"4,174,826"
05,Antioquia,2007,Centros Poblados y Rural Disperso,"1,420,354"
05,Antioquia,2007,Total,"5,595,180"
05,Antioquia,2008,Cabecera,"4,243,194"
05,Antioquia,2008,Centros Poblados y Rural Disperso,"1,418,905"
05,Antioquia,2008,Total,"5,662,099"
05,Antioquia,2009,Cabecera,"4,312,348"
05,Antioquia,2009,Centros Poblados y Rural Disperso,"1,418,029"
05,Antioquia,2009,Total,"5,730,377"
05,Antioquia,2010,Cabecera,"4,382,447"
05,Antioquia,2010,Centros Poblados y Rural Disperso,"1,417,713"
05,Antioquia,2010,Total,"5,800,160"
05,Antioquia,2011,Cabecera,"4,451,741"
05,Antioquia,2011,Centros Poblados y Rural Disperso,"1,417,450"
05,Antioquia,2011,Total,"5,869,191"
05,Antioquia,2012,Cabecera,"4,519,077"
05,Antioquia,2012,Centros Poblados y Rural Disperso,"1,416,839"
05,Antioquia,2012,Total,"5,935,916"
05,Antioquia,2013,Cabecera,"4,585,022"
05,Antioquia,2013,Centros Poblados y Rural Disperso,"1,416,129"
05,Antioquia,2013,Total,"6,001,151"
05,Antioquia,2014,Cabecera,"4,651,049"
05,Antioquia,2014,Centros Poblados y Rural Disperso,"1,415,757"
05,Antioquia,2014,Total,"6,066,806"
05,Antioquia,2015,Cabecera,"4,718,735"
05,Antioquia,2015,Centros Poblados y Rural Disperso,"1,416,218"
05,Antioquia,2015,Total,"6,134,953"
05,Antioquia,2016,Cabecera,"4,792,540"
05,Antioquia,2016,Centros Poblados y Rural Disperso,"1,418,772"
05,Antioquia,2016,Total,"6,211,312"
05,Antioquia,2017,Cabecera,"4,873,219"
05,Antioquia,2017,Centros Poblados y Rural Disperso,"1,423,624"
05,Antioquia,2017,Total,"6,296,843"
08,Atlántico,2005,Cabecera,"2,003,015"
08,Atlántico,2005,Centros Poblados y Rural Disperso,"111,121"
08,Atlántico,2005,Total,"2,114,136"
08,Atlántico,2006,Cabecera,"2,032,691"
08,Atlántico,2006,Centros Poblados y Rural Disperso,"112,108"
08,Atlántico,2006,Total,"2,144,799"
08,Atlántico,2007,Cabecera,"2,061,771"
08,Atlántico,2007,Centros Poblados y Rural Disperso,"113,217"
08,Atlántico,2007,Total,"2,174,988"
08,Atlántico,2008,Cabecera,"2,089,958"
08,Atlántico,2008,Centros Poblados y Rural Disperso,"114,406"
08,Atlántico,2008,Total,"2,204,364"
08,Atlántico,2009,Cabecera,"2,117,613"
08,Atlántico,2009,Centros Poblados y Rural Disperso,"115,661"
08,Atlántico,2009,Total,"2,233,274"
08,Atlántico,2010,Cabecera,"2,144,701"
08,Atlántico,2010,Centros Poblados y Rural Disperso,"116,955"
08,Atlántico,2010,Total,"2,261,656"
08,Atlántico,2011,Cabecera,"2,170,710"
08,Atlántico,2011,Centros Poblados y Rural Disperso,"118,237"
08,Atlántico,2011,Total,"2,288,947"
08,Atlántico,2012,Cabecera,"2,195,844"
08,Atlántico,2012,Centros Poblados y Rural Disperso,"119,517"
08,Atlántico,2012,Total,"2,315,361"
08,Atlántico,2013,Cabecera,"2,220,539"
08,Atlántico,2013,Centros Poblados y Rural Disperso,"120,796"
08,Atlántico,2013,Total,"2,341,335"
08,Atlántico,2014,Cabecera,"2,244,834"
08,Atlántico,2014,Centros Poblados y Rural Disperso,"122,065"
08,Atlántico,2014,Total,"2,366,899"
08,Atlántico,2015,Cabecera,"2,270,141"
08,Atlántico,2015,Centros Poblados y Rural Disperso,"123,416"
08,Atlántico,2015,Total,"2,393,557"
08,Atlántico,2016,Cabecera,"2,301,928"
08,Atlántico,2016,Centros Poblados y Rural Disperso,"125,118"
08,Atlántico,2016,Total,"2,427,046"
08,Atlántico,2017,Cabecera,"2,341,186"
08,Atlántico,2017,Centros Poblados y Rural Disperso,"127,243"
08,Atlántico,2017,Total,"2,468,429"
11,"Bogotá, D.C.",2005,Cabecera,"6,694,694"
11,"Bogotá, D.C.",2005,Centros Poblados y Rural Disperso,"16,216"
11,"Bogotá, D.C.",2005,Total,"6,710,910"
11,"Bogotá, D.C.",2006,Cabecera,"6,784,611"
11,"Bogotá, D.C.",2006,Centros Poblados y Rural Disperso,"16,732"
11,"Bogotá, D.C.",2006,Total,"6,801,343"
11,"Bogotá, D.C.",2007,Cabecera,"6,867,311"
11,"Bogotá, D.C.",2007,Centros Poblados y Rural Disperso,"17,258"
11,"Bogotá, D.C.",2007,Total,"6,884,569"
11,"Bogotá, D.C.",2008,Cabecera,"6,942,679"
11,"Bogotá, D.C.",2008,Centros Poblados y Rural Disperso,"17,833"
11,"Bogotá, D.C.",2008,Total,"6,960,512"
11,"Bogotá, D.C.",2009,Cabecera,"7,012,963"
11,"Bogotá, D.C.",2009,Centros Poblados y Rural Disperso,"18,436"
11,"Bogotá, D.C.",2009,Total,"7,031,399"
11,"Bogotá, D.C.",2010,Cabecera,"7,077,814"
11,"Bogotá, D.C.",2010,Centros Poblados y Rural Disperso,"19,072"
11,"Bogotá, D.C.",2010,Total,"7,096,886"
11,"Bogotá, D.C.",2011,Cabecera,"7,132,915"
11,"Bogotá, D.C.",2011,Centros Poblados y Rural Disperso,"19,741"
11,"Bogotá, D.C.",2011,Total,"7,152,656"
11,"Bogotá, D.C.",2012,Cabecera,"7,175,553"
11,"Bogotá, D.C.",2012,Centros Poblados y Rural Disperso,"20,427"
11,"Bogotá, D.C.",2012,Total,"7,195,980"
11,"Bogotá, D.C.",2013,Cabecera,"7,207,289"
11,"Bogotá, D.C.",2013,Centros Poblados y Rural Disperso,"21,138"
11,"Bogotá, D.C.",2013,Total,"7,228,427"
11,"Bogotá, D.C.",2014,Cabecera,"7,231,097"
11,"Bogotá, D.C.",2014,Centros Poblados y Rural Disperso,"21,852"
11,"Bogotá, D.C.",2014,Total,"7,252,949"
11,"Bogotá, D.C.",2015,Cabecera,"7,250,675"
11,"Bogotá, D.C.",2015,Centros Poblados y Rural Disperso,"22,590"
11,"Bogotá, D.C.",2015,Total,"7,273,265"
11,"Bogotá, D.C.",2016,Cabecera,"7,277,543"
11,"Bogotá, D.C.",2016,Centros Poblados y Rural Disperso,"23,375"
11,"Bogotá, D.C.",2016,Total,"7,300,918"
11,"Bogotá, D.C.",2017,Cabecera,"7,313,244"
11,"Bogotá, D.C.",2017,Centros Poblados y Rural Disperso,"24,205"
11,"Bogotá, D.C.",2017,Total,"7,337,449"
13,Bolívar,2005,Cabecera,"1,336,025"
13,Bolívar,2005,Centros Poblados y Rural Disperso,"463,769"
13,Bolívar,2005,Total,"1,799,794"
13,Bolívar,2006,Cabecera,"1,354,680"
13,Bolívar,2006,Centros Poblados y Rural Disperso,"468,658"
13,Bolívar,2006,Total,"1,823,338"
13,Bolívar,2007,Cabecera,"1,372,421"
13,Bolívar,2007,Centros Poblados y Rural Disperso,"473,542"
13,Bolívar,2007,Total,"1,845,963"
13,Bolívar,2008,Cabecera,"1,389,173"
13,Bolívar,2008,Centros Poblados y Rural Disperso,"478,330"
13,Bolívar,2008,Total,"1,867,503"
13,Bolívar,2009,Cabecera,"1,411,124"
13,Bolívar,2009,Centros Poblados y Rural Disperso,"477,032"
13,Bolívar,2009,Total,"1,888,156"
13,Bolívar,2010,Cabecera,"1,426,358"
13,Bolívar,2010,Centros Poblados y Rural Disperso,"481,572"
13,Bolívar,2010,Total,"1,907,930"
13,Bolívar,2011,Cabecera,"1,440,662"
13,Bolívar,2011,Centros Poblados y Rural Disperso,"485,935"
13,Bolívar,2011,Total,"1,926,597"
13,Bolívar,2012,Cabecera,"1,454,177"
13,Bolívar,2012,Centros Poblados y Rural Disperso,"490,122"
13,Bolívar,2012,Total,"1,944,299"
13,Bolívar,2013,Cabecera,"1,467,066"
13,Bolívar,2013,Centros Poblados y Rural Disperso,"494,184"
13,Bolívar,2013,Total,"1,961,250"
13,Bolívar,2014,Cabecera,"1,479,378"
13,Bolívar,2014,Centros Poblados y Rural Disperso,"498,100"
13,Bolívar,2014,Total,"1,977,478"
13,Bolívar,2015,Cabecera,"1,491,690"
13,Bolívar,2015,Centros Poblados y Rural Disperso,"502,070"
13,Bolívar,2015,Total,"1,993,760"
13,Bolívar,2016,Cabecera,"1,506,195"
13,Bolívar,2016,Centros Poblados y Rural Disperso,"506,815"
13,Bolívar,2016,Total,"2,013,010"
13,Bolívar,2017,Cabecera,"1,523,254"
13,Bolívar,2017,Centros Poblados y Rural Disperso,"512,457"
13,Bolívar,2017,Total,"2,035,711"
15,Boyacá,2005,Cabecera,"584,485"
15,Boyacá,2005,Centros Poblados y Rural Disperso,"556,180"
15,Boyacá,2005,Total,"1,140,665"
15,Boyacá,2006,Cabecera,"594,690"
15,Boyacá,2006,Centros Poblados y Rural Disperso,"550,535"
15,Boyacá,2006,Total,"1,145,225"
15,Boyacá,2007,Cabecera,"604,758"
15,Boyacá,2007,Centros Poblados y Rural Disperso,"545,151"
15,Boyacá,2007,Total,"1,149,909"
15,Boyacá,2008,Cabecera,"614,688"
15,Boyacá,2008,Centros Poblados y Rural Disperso,"540,059"
15,Boyacá,2008,Total,"1,154,747"
15,Boyacá,2009,Cabecera,"624,508"
15,Boyacá,2009,Centros Poblados y Rural Disperso,"535,342"
15,Boyacá,2009,Total,"1,159,850"
15,Boyacá,2010,Cabecera,"634,218"
15,Boyacá,2010,Centros Poblados y Rural Disperso,"530,986"
15,Boyacá,2010,Total,"1,165,204"
15,Boyacá,2011,Cabecera,"643,722"
15,Boyacá,2011,Centros Poblados y Rural Disperso,"526,918"
15,Boyacá,2011,Total,"1,170,640"
15,Boyacá,2012,Cabecera,"652,964"
15,Boyacá,2012,Centros Poblados y Rural Disperso,"523,105"
15,Boyacá,2012,Total,"1,176,069"
15,Boyacá,2013,Cabecera,"661,995"
15,Boyacá,2013,Centros Poblados y Rural Disperso,"519,585"
15,Boyacá,2013,Total,"1,181,580"
15,Boyacá,2014,Cabecera,"670,836"
15,Boyacá,2014,Centros Poblados y Rural Disperso,"516,413"
15,Boyacá,2014,Total,"1,187,249"
15,Boyacá,2015,Cabecera,"679,600"
15,Boyacá,2015,Centros Poblados y Rural Disperso,"513,606"
15,Boyacá,2015,Total,"1,193,206"
15,Boyacá,2016,Cabecera,"688,566"
15,Boyacá,2016,Centros Poblados y Rural Disperso,"511,412"
15,Boyacá,2016,Total,"1,199,978"
15,Boyacá,2017,Cabecera,"697,814"
15,Boyacá,2017,Centros Poblados y Rural Disperso,"509,851"
15,Boyacá,2017,Total,"1,207,665"
17,Caldas,2005,Cabecera,"684,214"
17,Caldas,2005,Centros Poblados y Rural Disperso,"312,220"
17,Caldas,2005,Total,"996,434"
17,Caldas,2006,Cabecera,"686,580"
17,Caldas,2006,Centros Poblados y Rural Disperso,"306,757"
17,Caldas,2006,Total,"993,337"
17,Caldas,2007,Cabecera,"689,096"
17,Caldas,2007,Centros Poblados y Rural Disperso,"301,349"
17,Caldas,2007,Total,"990,445"
17,Caldas,2008,Cabecera,"691,748"
17,Caldas,2008,Centros Poblados y Rural Disperso,"296,011"
17,Caldas,2008,Total,"987,759"
17,Caldas,2009,Cabecera,"694,772"
17,Caldas,2009,Centros Poblados y Rural Disperso,"290,868"
17,Caldas,2009,Total,"985,640"
17,Caldas,2010,Cabecera,"698,312"
17,Caldas,2010,Centros Poblados y Rural Disperso,"285,992"
17,Caldas,2010,Total,"984,304"
17,Caldas,2011,Cabecera,"702,154"
17,Caldas,2011,Centros Poblados y Rural Disperso,"281,344"
17,Caldas,2011,Total,"983,498"
17,Caldas,2012,Cabecera,"706,069"
17,Caldas,2012,Centros Poblados y Rural Disperso,"276,835"
17,Caldas,2012,Total,"982,904"
17,Caldas,2013,Cabecera,"710,063"
17,Caldas,2013,Centros Poblados y Rural Disperso,"272,500"
17,Caldas,2013,Total,"982,563"
17,Caldas,2014,Cabecera,"714,460"
17,Caldas,2014,Centros Poblados y Rural Disperso,"268,473"
17,Caldas,2014,Total,"982,933"
17,Caldas,2015,Cabecera,"719,487"
17,Caldas,2015,Centros Poblados y Rural Disperso,"264,873"
17,Caldas,2015,Total,"984,360"
17,Caldas,2016,Cabecera,"725,445"
17,Caldas,2016,Centros Poblados y Rural Disperso,"261,769"
17,Caldas,2016,Total,"987,214"
17,Caldas,2017,Cabecera,"732,198"
17,Caldas,2017,Centros Poblados y Rural Disperso,"259,165"
17,Caldas,2017,Total,"991,363"
18,Caquetá,2005,Cabecera,"241,379"
18,Caquetá,2005,Centros Poblados y Rural Disperso,"137,894"
18,Caquetá,2005,Total,"379,273"
18,Caquetá,2006,Cabecera,"243,893"
18,Caquetá,2006,Centros Poblados y Rural Disperso,"137,859"
18,Caquetá,2006,Total,"381,752"
18,Caquetá,2007,Cabecera,"246,017"
18,Caquetá,2007,Centros Poblados y Rural Disperso,"138,120"
18,Caquetá,2007,Total,"384,137"
18,Caquetá,2008,Cabecera,"247,823"
18,Caquetá,2008,Centros Poblados y Rural Disperso,"138,569"
18,Caquetá,2008,Total,"386,392"
18,Caquetá,2009,Cabecera,"249,430"
18,Caquetá,2009,Centros Poblados y Rural Disperso,"139,122"
18,Caquetá,2009,Total,"388,552"
18,Caquetá,2010,Cabecera,"250,898"
18,Caquetá,2010,Centros Poblados y Rural Disperso,"139,747"
18,Caquetá,2010,Total,"390,645"
18,Caquetá,2011,Cabecera,"252,241"
18,Caquetá,2011,Centros Poblados y Rural Disperso,"140,370"
18,Caquetá,2011,Total,"392,611"
18,Caquetá,2012,Cabecera,"253,414"
18,Caquetá,2012,Centros Poblados y Rural Disperso,"140,965"
18,Caquetá,2012,Total,"394,379"
18,Caquetá,2013,Cabecera,"254,459"
18,Caquetá,2013,Centros Poblados y Rural Disperso,"141,488"
18,Caquetá,2013,Total,"395,947"
18,Caquetá,2014,Cabecera,"255,391"
18,Caquetá,2014,Centros Poblados y Rural Disperso,"141,992"
18,Caquetá,2014,Total,"397,383"
18,Caquetá,2015,Cabecera,"256,257"
18,Caquetá,2015,Centros Poblados y Rural Disperso,"142,468"
18,Caquetá,2015,Total,"398,725"
18,Caquetá,2016,Cabecera,"257,077"
18,Caquetá,2016,Centros Poblados y Rural Disperso,"142,906"
18,Caquetá,2016,Total,"399,983"
18,Caquetá,2017,Cabecera,"257,795"
18,Caquetá,2017,Centros Poblados y Rural Disperso,"143,304"
18,Caquetá,2017,Total,"401,099"
19,Cauca,2005,Cabecera,"472,996"
19,Cauca,2005,Centros Poblados y Rural Disperso,"808,056"
19,Cauca,2005,Total,"1,281,052"
19,Cauca,2006,Cabecera,"478,674"
19,Cauca,2006,Centros Poblados y Rural Disperso,"817,569"
19,Cauca,2006,Total,"1,296,243"
19,Cauca,2007,Cabecera,"484,149"
19,Cauca,2007,Centros Poblados y Rural Disperso,"826,791"
19,Cauca,2007,Total,"1,310,940"
19,Cauca,2008,Cabecera,"493,846"
19,Cauca,2008,Centros Poblados y Rural Disperso,"831,237"
19,Cauca,2008,Total,"1,325,083"
19,Cauca,2009,Cabecera,"499,052"
19,Cauca,2009,Centros Poblados y Rural Disperso,"839,954"
19,Cauca,2009,Total,"1,339,006"
19,Cauca,2010,Cabecera,"504,266"
19,Cauca,2010,Centros Poblados y Rural Disperso,"848,676"
19,Cauca,2010,Total,"1,352,942"
19,Cauca,2011,Cabecera,"509,433"
19,Cauca,2011,Centros Poblados y Rural Disperso,"857,325"
19,Cauca,2011,Total,"1,366,758"
19,Cauca,2012,Cabecera,"514,472"
19,Cauca,2012,Centros Poblados y Rural Disperso,"865,785"
19,Cauca,2012,Total,"1,380,257"
19,Cauca,2013,Cabecera,"519,414"
19,Cauca,2013,Centros Poblados y Rural Disperso,"874,051"
19,Cauca,2013,Total,"1,393,465"
19,Cauca,2014,Cabecera,"524,361"
19,Cauca,2014,Centros Poblados y Rural Disperso,"882,374"
19,Cauca,2014,Total,"1,406,735"
19,Cauca,2015,Cabecera,"529,433"
19,Cauca,2015,Centros Poblados y Rural Disperso,"890,880"
19,Cauca,2015,Total,"1,420,313"
19,Cauca,2016,Cabecera,"534,678"
19,Cauca,2016,Centros Poblados y Rural Disperso,"899,717"
19,Cauca,2016,Total,"1,434,395"
19,Cauca,2017,Cabecera,"540,059"
19,Cauca,2017,Centros Poblados y Rural Disperso,"908,778"
19,Cauca,2017,Total,"1,448,837"
20,Cesar,2005,Cabecera,"677,273"
20,Cesar,2005,Centros Poblados y Rural Disperso,"271,474"
20,Cesar,2005,Total,"948,747"
20,Cesar,2006,Cabecera,"699,459"
20,Cesar,2006,Centros Poblados y Rural Disperso,"263,877"
20,Cesar,2006,Total,"963,336"
20,Cesar,2007,Cabecera,"719,496"
20,Cesar,2007,Centros Poblados y Rural Disperso,"259,027"
20,Cesar,2007,Total,"978,523"
20,Cesar,2008,Cabecera,"737,427"
20,Cesar,2008,Centros Poblados y Rural Disperso,"256,829"
20,Cesar,2008,Total,"994,256"
20,Cesar,2009,Cabecera,"753,711"
20,Cesar,2009,Centros Poblados y Rural Disperso,"256,796"
20,Cesar,2009,Total,"1,010,507"
20,Cesar,2010,Cabecera,"768,778"
20,Cesar,2010,Centros Poblados y Rural Disperso,"258,311"
20,Cesar,2010,Total,"1,027,089"
20,Cesar,2011,Cabecera,"782,947"
20,Cesar,2011,Centros Poblados y Rural Disperso,"260,807"
20,Cesar,2011,Total,"1,043,754"
20,Cesar,2012,Cabecera,"796,656"
20,Cesar,2012,Centros Poblados y Rural Disperso,"264,002"
20,Cesar,2012,Total,"1,060,658"
20,Cesar,2013,Cabecera,"810,343"
20,Cesar,2013,Centros Poblados y Rural Disperso,"267,690"
20,Cesar,2013,Total,"1,078,033"
20,Cesar,2014,Cabecera,"824,026"
20,Cesar,2014,Centros Poblados y Rural Disperso,"271,693"
20,Cesar,2014,Total,"1,095,719"
20,Cesar,2015,Cabecera,"838,197"
20,Cesar,2015,Centros Poblados y Rural Disperso,"276,072"
20,Cesar,2015,Total,"1,114,269"
20,Cesar,2016,Cabecera,"854,921"
20,Cesar,2016,Centros Poblados y Rural Disperso,"281,378"
20,Cesar,2016,Total,"1,136,299"
20,Cesar,2017,Cabecera,"874,645"
20,Cesar,2017,Centros Poblados y Rural Disperso,"287,770"
20,Cesar,2017,Total,"1,162,415"
23,Córdoba,2005,Cabecera,"806,639"
23,Córdoba,2005,Centros Poblados y Rural Disperso,"732,674"
23,Córdoba,2005,Total,"1,539,313"
23,Córdoba,2006,Cabecera,"817,805"
23,Córdoba,2006,Centros Poblados y Rural Disperso,"741,798"
23,Córdoba,2006,Total,"1,559,603"
23,Córdoba,2007,Cabecera,"828,662"
23,Córdoba,2007,Centros Poblados y Rural Disperso,"750,895"
23,Córdoba,2007,Total,"1,579,557"
23,Córdoba,2008,Cabecera,"839,193"
23,Córdoba,2008,Centros Poblados y Rural Disperso,"759,936"
23,Córdoba,2008,Total,"1,599,129"
23,Córdoba,2009,Cabecera,"849,487"
23,Córdoba,2009,Centros Poblados y Rural Disperso,"768,889"
23,Córdoba,2009,Total,"1,618,376"
23,Córdoba,2010,Cabecera,"859,564"
23,Córdoba,2010,Centros Poblados y Rural Disperso,"777,746"
23,Córdoba,2010,Total,"1,637,310"
23,Córdoba,2011,Cabecera,"869,381"
23,Córdoba,2011,Centros Poblados y Rural Disperso,"786,437"
23,Córdoba,2011,Total,"1,655,818"
23,Córdoba,2012,Cabecera,"878,935"
23,Córdoba,2012,Centros Poblados y Rural Disperso,"794,956"
23,Córdoba,2012,Total,"1,673,891"
23,Córdoba,2013,Cabecera,"888,287"
23,Córdoba,2013,Centros Poblados y Rural Disperso,"803,322"
23,Córdoba,2013,Total,"1,691,609"
23,Córdoba,2014,Cabecera,"897,463"
23,Córdoba,2014,Centros Poblados y Rural Disperso,"811,540"
23,Córdoba,2014,Total,"1,709,003"
23,Córdoba,2015,Cabecera,"906,561"
23,Córdoba,2015,Centros Poblados y Rural Disperso,"819,726"
23,Córdoba,2015,Total,"1,726,287"
23,Córdoba,2016,Cabecera,"916,005"
23,Córdoba,2016,Centros Poblados y Rural Disperso,"828,249"
23,Córdoba,2016,Total,"1,744,254"
23,Córdoba,2017,Cabecera,"925,903"
23,Córdoba,2017,Centros Poblados y Rural Disperso,"837,150"
23,Córdoba,2017,Total,"1,763,053"
25,Cundinamarca,2005,Cabecera,"1,183,402"
25,Cundinamarca,2005,Centros Poblados y Rural Disperso,"720,093"
25,Cundinamarca,2005,Total,"1,903,495"
25,Cundinamarca,2006,Cabecera,"1,219,313"
25,Cundinamarca,2006,Centros Poblados y Rural Disperso,"716,743"
25,Cundinamarca,2006,Total,"1,936,056"
25,Cundinamarca,2007,Cabecera,"1,259,708"
25,Cundinamarca,2007,Centros Poblados y Rural Disperso,"715,416"
25,Cundinamarca,2007,Total,"1,975,124"
25,Cundinamarca,2008,Cabecera,"1,304,916"
25,Cundinamarca,2008,Centros Poblados y Rural Disperso,"716,126"
25,Cundinamarca,2008,Total,"2,021,042"
25,Cundinamarca,2009,Cabecera,"1,355,359"
25,Cundinamarca,2009,Centros Poblados y Rural Disperso,"718,891"
25,Cundinamarca,2009,Total,"2,074,250"
25,Cundinamarca,2010,Cabecera,"1,411,173"
25,Cundinamarca,2010,Centros Poblados y Rural Disperso,"723,603"
25,Cundinamarca,2010,Total,"2,134,776"
25,Cundinamarca,2011,Cabecera,"1,472,132"
25,Cundinamarca,2011,Centros Poblados y Rural Disperso,"729,960"
25,Cundinamarca,2011,Total,"2,202,092"
25,Cundinamarca,2012,Cabecera,"1,538,282"
25,Cundinamarca,2012,Centros Poblados y Rural Disperso,"737,815"
25,Cundinamarca,2012,Total,"2,276,097"
25,Cundinamarca,2013,Cabecera,"1,610,083"
25,Cundinamarca,2013,Centros Poblados y Rural Disperso,"747,256"
25,Cundinamarca,2013,Total,"2,357,339"
25,Cundinamarca,2014,Cabecera,"1,687,873"
25,Cundinamarca,2014,Centros Poblados y Rural Disperso,"758,265"
25,Cundinamarca,2014,Total,"2,446,138"
25,Cundinamarca,2015,Cabecera,"1,772,310"
25,Cundinamarca,2015,Centros Poblados y Rural Disperso,"771,028"
25,Cundinamarca,2015,Total,"2,543,338"
25,Cundinamarca,2016,Cabecera,"1,865,737"
25,Cundinamarca,2016,Centros Poblados y Rural Disperso,"786,339"
25,Cundinamarca,2016,Total,"2,652,076"
25,Cundinamarca,2017,Cabecera,"1,968,975"
25,Cundinamarca,2017,Centros Poblados y Rural Disperso,"804,310"
25,Cundinamarca,2017,Total,"2,773,285"
27,Chocó,2005,Cabecera,"182,359"
27,Chocó,2005,Centros Poblados y Rural Disperso,"220,350"
27,Chocó,2005,Total,"402,709"
27,Chocó,2006,Cabecera,"187,883"
27,Chocó,2006,Centros Poblados y Rural Disperso,"226,600"
27,Chocó,2006,Total,"414,483"
27,Chocó,2007,Cabecera,"193,292"
27,Chocó,2007,Centros Poblados y Rural Disperso,"232,785"
27,Chocó,2007,Total,"426,077"
27,Chocó,2008,Cabecera,"198,557"
27,Chocó,2008,Centros Poblados y Rural Disperso,"238,877"
27,Chocó,2008,Total,"437,434"
27,Chocó,2009,Cabecera,"203,703"
27,Chocó,2009,Centros Poblados y Rural Disperso,"244,851"
27,Chocó,2009,Total,"448,554"
27,Chocó,2010,Cabecera,"208,726"
27,Chocó,2010,Centros Poblados y Rural Disperso,"250,727"
27,Chocó,2010,Total,"459,453"
27,Chocó,2011,Cabecera,"213,609"
27,Chocó,2011,Centros Poblados y Rural Disperso,"256,478"
27,Chocó,2011,Total,"470,087"
27,Chocó,2012,Cabecera,"218,327"
27,Chocó,2012,Centros Poblados y Rural Disperso,"262,064"
27,Chocó,2012,Total,"480,391"
27,Chocó,2013,Cabecera,"222,892"
27,Chocó,2013,Centros Poblados y Rural Disperso,"267,446"
27,Chocó,2013,Total,"490,338"
27,Chocó,2014,Cabecera,"227,282"
27,Chocó,2014,Centros Poblados y Rural Disperso,"272,664"
27,Chocó,2014,Total,"499,946"
27,Chocó,2015,Cabecera,"231,529"
27,Chocó,2015,Centros Poblados y Rural Disperso,"277,711"
27,Chocó,2015,Total,"509,240"
27,Chocó,2016,Cabecera,"235,637"
27,Chocó,2016,Centros Poblados y Rural Disperso,"282,597"
27,Chocó,2016,Total,"518,234"
27,Chocó,2017,Cabecera,"239,569"
27,Chocó,2017,Centros Poblados y Rural Disperso,"287,319"
27,Chocó,2017,Total,"526,888"
41,Huila,2005,Cabecera,"572,915"
41,Huila,2005,Centros Poblados y Rural Disperso,"368,848"
41,Huila,2005,Total,"941,763"
41,Huila,2006,Cabecera,"580,295"
41,Huila,2006,Centros Poblados y Rural Disperso,"373,481"
41,Huila,2006,Total,"953,776"
41,Huila,2007,Cabecera,"587,614"
41,Huila,2007,Centros Poblados y Rural Disperso,"378,111"
41,Huila,2007,Total,"965,725"
41,Huila,2008,Cabecera,"594,824"
41,Huila,2008,Centros Poblados y Rural Disperso,"382,704"
41,Huila,2008,Total,"977,528"
41,Huila,2009,Cabecera,"602,059"
41,Huila,2009,Centros Poblados y Rural Disperso,"387,316"
41,Huila,2009,Total,"989,375"
41,Huila,2010,Cabecera,"609,385"
41,Huila,2010,Centros Poblados y Rural Disperso,"391,987"
41,Huila,2010,Total,"1,001,372"
41,Huila,2011,Cabecera,"616,732"
41,Huila,2011,Centros Poblados y Rural Disperso,"396,686"
41,Huila,2011,Total,"1,013,418"
41,Huila,2012,Cabecera,"624,020"
41,Huila,2012,Centros Poblados y Rural Disperso,"401,364"
41,Huila,2012,Total,"1,025,384"
41,Huila,2013,Cabecera,"631,253"
41,Huila,2013,Centros Poblados y Rural Disperso,"405,999"
41,Huila,2013,Total,"1,037,252"
41,Huila,2014,Cabecera,"638,538"
41,Huila,2014,Centros Poblados y Rural Disperso,"410,677"
41,Huila,2014,Total,"1,049,215"
41,Huila,2015,Cabecera,"645,963"
41,Huila,2015,Centros Poblados y Rural Disperso,"415,442"
41,Huila,2015,Total,"1,061,405"
41,Huila,2016,Cabecera,"653,574"
41,Huila,2016,Centros Poblados y Rural Disperso,"420,342"
41,Huila,2016,Total,"1,073,916"
41,Huila,2017,Cabecera,"661,340"
41,Huila,2017,Centros Poblados y Rural Disperso,"425,314"
41,Huila,2017,Total,"1,086,654"
44,La Guajira,2005,Cabecera,"334,543"
44,La Guajira,2005,Centros Poblados y Rural Disperso,"311,175"
44,La Guajira,2005,Total,"645,718"
44,La Guajira,2006,Cabecera,"328,886"
44,La Guajira,2006,Centros Poblados y Rural Disperso,"331,684"
44,La Guajira,2006,Total,"660,570"
44,La Guajira,2007,Cabecera,"327,574"
44,La Guajira,2007,Centros Poblados y Rural Disperso,"348,064"
44,La Guajira,2007,Total,"675,638"
44,La Guajira,2008,Cabecera,"329,585"
44,La Guajira,2008,Centros Poblados y Rural Disperso,"361,508"
44,La Guajira,2008,Total,"691,093"
44,La Guajira,2009,Cabecera,"333,888"
44,La Guajira,2009,Centros Poblados y Rural Disperso,"373,055"
44,La Guajira,2009,Total,"706,943"
44,La Guajira,2010,Cabecera,"339,525"
44,La Guajira,2010,Centros Poblados y Rural Disperso,"383,388"
44,La Guajira,2010,Total,"722,913"
44,La Guajira,2011,Cabecera,"345,862"
44,La Guajira,2011,Centros Poblados y Rural Disperso,"392,881"
44,La Guajira,2011,Total,"738,743"
44,La Guajira,2012,Cabecera,"352,643"
44,La Guajira,2012,Centros Poblados y Rural Disperso,"401,931"
44,La Guajira,2012,Total,"754,574"
44,La Guajira,2013,Cabecera,"359,783"
44,La Guajira,2013,Centros Poblados y Rural Disperso,"410,833"
44,La Guajira,2013,Total,"770,616"
44,La Guajira,2014,Cabecera,"367,057"
44,La Guajira,2014,Centros Poblados y Rural Disperso,"419,561"
44,La Guajira,2014,Total,"786,618"
44,La Guajira,2015,Cabecera,"374,627"
44,La Guajira,2015,Centros Poblados y Rural Disperso,"428,465"
44,La Guajira,2015,Total,"803,092"
44,La Guajira,2016,Cabecera,"383,711"
44,La Guajira,2016,Centros Poblados y Rural Disperso,"438,989"
44,La Guajira,2016,Total,"822,700"
44,La Guajira,2017,Cabecera,"394,545"
44,La Guajira,2017,Centros Poblados y Rural Disperso,"451,467"
44,La Guajira,2017,Total,"846,012"
47,Magdalena,2005,Cabecera,"766,611"
47,Magdalena,2005,Centros Poblados y Rural Disperso,"331,140"
47,Magdalena,2005,Total,"1,097,751"
47,Magdalena,2006,Cabecera,"779,711"
47,Magdalena,2006,Centros Poblados y Rural Disperso,"336,326"
47,Magdalena,2006,Total,"1,116,037"
47,Magdalena,2007,Cabecera,"792,711"
47,Magdalena,2007,Centros Poblados y Rural Disperso,"341,586"
47,Magdalena,2007,Total,"1,134,297"
47,Magdalena,2008,Cabecera,"805,546"
47,Magdalena,2008,Centros Poblados y Rural Disperso,"346,876"
47,Magdalena,2008,Total,"1,152,422"
47,Magdalena,2009,Cabecera,"818,228"
47,Magdalena,2009,Centros Poblados y Rural Disperso,"352,158"
47,Magdalena,2009,Total,"1,170,386"
47,Magdalena,2010,Cabecera,"830,618"
47,Magdalena,2010,Centros Poblados y Rural Disperso,"357,382"
47,Magdalena,2010,Total,"1,188,000"
47,Magdalena,2011,Cabecera,"842,545"
47,Magdalena,2011,Centros Poblados y Rural Disperso,"362,432"
47,Magdalena,2011,Total,"1,204,977"
47,Magdalena,2012,Cabecera,"854,091"
47,Magdalena,2012,Centros Poblados y Rural Disperso,"367,328"
47,Magdalena,2012,Total,"1,221,419"
47,Magdalena,2013,Cabecera,"865,390"
47,Magdalena,2013,Centros Poblados y Rural Disperso,"372,153"
47,Magdalena,2013,Total,"1,237,543"
47,Magdalena,2014,Cabecera,"876,369"
47,Magdalena,2014,Centros Poblados y Rural Disperso,"376,842"
47,Magdalena,2014,Total,"1,253,211"
47,Magdalena,2015,Cabecera,"887,420"
47,Magdalena,2015,Centros Poblados y Rural Disperso,"381,560"
47,Magdalena,2015,Total,"1,268,980"
47,Magdalena,2016,Cabecera,"900,356"
47,Magdalena,2016,Centros Poblados y Rural Disperso,"387,106"
47,Magdalena,2016,Total,"1,287,462"
47,Magdalena,2017,Cabecera,"915,586"
47,Magdalena,2017,Centros Poblados y Rural Disperso,"393,673"
47,Magdalena,2017,Total,"1,309,259"
50,Meta,2005,Cabecera,"602,955"
50,Meta,2005,Centros Poblados y Rural Disperso,"190,966"
50,Meta,2005,Total,"793,921"
50,Meta,2006,Cabecera,"620,738"
50,Meta,2006,Centros Poblados y Rural Disperso,"194,453"
50,Meta,2006,Total,"815,191"
50,Meta,2007,Cabecera,"637,665"
50,Meta,2007,Centros Poblados y Rural Disperso,"198,374"
50,Meta,2007,Total,"836,039"
50,Meta,2008,Cabecera,"653,845"
50,Meta,2008,Centros Poblados y Rural Disperso,"202,540"
50,Meta,2008,Total,"856,385"
50,Meta,2009,Cabecera,"669,518"
50,Meta,2009,Centros Poblados y Rural Disperso,"206,845"
50,Meta,2009,Total,"876,363"
50,Meta,2010,Cabecera,"684,802"
50,Meta,2010,Centros Poblados y Rural Disperso,"211,232"
50,Meta,2010,Total,"896,034"
50,Meta,2011,Cabecera,"699,662"
50,Meta,2011,Centros Poblados y Rural Disperso,"215,615"
50,Meta,2011,Total,"915,277"
50,Meta,2012,Cabecera,"714,048"
50,Meta,2012,Centros Poblados y Rural Disperso,"219,918"
50,Meta,2012,Total,"933,966"
50,Meta,2013,Cabecera,"727,971"
50,Meta,2013,Centros Poblados y Rural Disperso,"224,130"
50,Meta,2013,Total,"952,101"
50,Meta,2014,Cabecera,"741,548"
50,Meta,2014,Centros Poblados y Rural Disperso,"228,260"
50,Meta,2014,Total,"969,808"
50,Meta,2015,Cabecera,"754,897"
50,Meta,2015,Centros Poblados y Rural Disperso,"232,335"
50,Meta,2015,Total,"987,232"
50,Meta,2016,Cabecera,"768,213"
50,Meta,2016,Centros Poblados y Rural Disperso,"236,420"
50,Meta,2016,Total,"1,004,633"
50,Meta,2017,Cabecera,"781,463"
50,Meta,2017,Centros Poblados y Rural Disperso,"240,480"
50,Meta,2017,Total,"1,021,943"
52,Nariño,2005,Cabecera,"663,356"
52,Nariño,2005,Centros Poblados y Rural Disperso,"847,098"
52,Nariño,2005,Total,"1,510,454"
52,Nariño,2006,Cabecera,"669,900"
52,Nariño,2006,Centros Poblados y Rural Disperso,"855,210"
52,Nariño,2006,Total,"1,525,110"
52,Nariño,2007,Cabecera,"675,753"
52,Nariño,2007,Centros Poblados y Rural Disperso,"862,501"
52,Nariño,2007,Total,"1,538,254"
52,Nariño,2008,Cabecera,"680,790"
52,Nariño,2008,Centros Poblados y Rural Disperso,"868,783"
52,Nariño,2008,Total,"1,549,573"
52,Nariño,2009,Cabecera,"685,314"
52,Nariño,2009,Centros Poblados y Rural Disperso,"874,433"
52,Nariño,2009,Total,"1,559,747"
52,Nariño,2010,Cabecera,"689,593"
52,Nariño,2010,Centros Poblados y Rural Disperso,"879,820"
52,Nariño,2010,Total,"1,569,413"
52,Nariño,2011,Cabecera,"693,645"
52,Nariño,2011,Centros Poblados y Rural Disperso,"884,914"
52,Nariño,2011,Total,"1,578,559"
52,Nariño,2012,Cabecera,"697,351"
52,Nariño,2012,Centros Poblados y Rural Disperso,"889,594"
52,Nariño,2012,Total,"1,586,945"
52,Nariño,2013,Cabecera,"700,622"
52,Nariño,2013,Centros Poblados y Rural Disperso,"893,732"
52,Nariño,2013,Total,"1,594,354"
52,Nariño,2014,Cabecera,"703,757"
52,Nariño,2014,Centros Poblados y Rural Disperso,"897,709"
52,Nariño,2014,Total,"1,601,466"
52,Nariño,2015,Cabecera,"706,965"
52,Nariño,2015,Centros Poblados y Rural Disperso,"901,761"
52,Nariño,2015,Total,"1,608,726"
52,Nariño,2016,Cabecera,"710,068"
52,Nariño,2016,Centros Poblados y Rural Disperso,"905,699"
52,Nariño,2016,Total,"1,615,767"
52,Nariño,2017,Cabecera,"712,802"
52,Nariño,2017,Centros Poblados y Rural Disperso,"909,182"
52,Nariño,2017,Total,"1,621,984"
54,Norte de Santander,2005,Cabecera,"1,015,290"
54,Norte de Santander,2005,Centros Poblados y Rural Disperso,"282,359"
54,Norte de Santander,2005,Total,"1,297,649"
54,Norte de Santander,2006,Cabecera,"1,028,188"
54,Norte de Santander,2006,Centros Poblados y Rural Disperso,"284,169"
54,Norte de Santander,2006,Total,"1,312,357"
54,Norte de Santander,2007,Cabecera,"1,040,305"
54,Norte de Santander,2007,Centros Poblados y Rural Disperso,"286,129"
54,Norte de Santander,2007,Total,"1,326,434"
54,Norte de Santander,2008,Cabecera,"1,051,533"
54,Norte de Santander,2008,Centros Poblados y Rural Disperso,"288,149"
54,Norte de Santander,2008,Total,"1,339,682"
54,Norte de Santander,2009,Cabecera,"1,062,035"
54,Norte de Santander,2009,Centros Poblados y Rural Disperso,"290,196"
54,Norte de Santander,2009,Total,"1,352,231"
54,Norte de Santander,2010,Cabecera,"1,071,702"
54,Norte de Santander,2010,Centros Poblados y Rural Disperso,"292,187"
54,Norte de Santander,2010,Total,"1,363,889"
54,Norte de Santander,2011,Cabecera,"1,080,229"
54,Norte de Santander,2011,Centros Poblados y Rural Disperso,"294,025"
54,Norte de Santander,2011,Total,"1,374,254"
54,Norte de Santander,2012,Cabecera,"1,087,964"
54,Norte de Santander,2012,Centros Poblados y Rural Disperso,"295,741"
54,Norte de Santander,2012,Total,"1,383,705"
54,Norte de Santander,2013,Cabecera,"1,095,269"
54,Norte de Santander,2013,Centros Poblados y Rural Disperso,"297,439"
54,Norte de Santander,2013,Total,"1,392,708"
54,Norte de Santander,2014,Cabecera,"1,101,991"
54,Norte de Santander,2014,Centros Poblados y Rural Disperso,"299,024"
54,Norte de Santander,2014,Total,"1,401,015"
54,Norte de Santander,2015,Cabecera,"1,109,106"
54,Norte de Santander,2015,Centros Poblados y Rural Disperso,"300,794"
54,Norte de Santander,2015,Total,"1,409,900"
54,Norte de Santander,2016,Cabecera,"1,120,904"
54,Norte de Santander,2016,Centros Poblados y Rural Disperso,"303,857"
54,Norte de Santander,2016,Total,"1,424,761"
54,Norte de Santander,2017,Cabecera,"1,138,292"
54,Norte de Santander,2017,Centros Poblados y Rural Disperso,"308,456"
54,Norte de Santander,2017,Total,"1,446,748"
63,Quindio,2005,Cabecera,"445,857"
63,Quindio,2005,Centros Poblados y Rural Disperso,"65,324"
63,Quindio,2005,Total,"511,181"
63,Quindio,2006,Cabecera,"447,333"
63,Quindio,2006,Centros Poblados y Rural Disperso,"65,256"
63,Quindio,2006,Total,"512,589"
63,Quindio,2007,Cabecera,"448,567"
63,Quindio,2007,Centros Poblados y Rural Disperso,"65,235"
63,Quindio,2007,Total,"513,802"
63,Quindio,2008,Cabecera,"449,512"
63,Quindio,2008,Centros Poblados y Rural Disperso,"65,213"
63,Quindio,2008,Total,"514,725"
63,Quindio,2009,Cabecera,"450,559"
63,Quindio,2009,Centros Poblados y Rural Disperso,"65,246"
63,Quindio,2009,Total,"515,805"
63,Quindio,2010,Cabecera,"451,990"
63,Quindio,2010,Centros Poblados y Rural Disperso,"65,357"
63,Quindio,2010,Total,"517,347"
63,Quindio,2011,Cabecera,"453,557"
63,Quindio,2011,Centros Poblados y Rural Disperso,"65,532"
63,Quindio,2011,Total,"519,089"
63,Quindio,2012,Cabecera,"455,012"
63,Quindio,2012,Centros Poblados y Rural Disperso,"65,685"
63,Quindio,2012,Total,"520,697"
63,Quindio,2013,Cabecera,"456,313"
63,Quindio,2013,Centros Poblados y Rural Disperso,"65,844"
63,Quindio,2013,Total,"522,157"
63,Quindio,2014,Cabecera,"457,921"
63,Quindio,2014,Centros Poblados y Rural Disperso,"66,049"
63,Quindio,2014,Total,"523,970"
63,Quindio,2015,Cabecera,"460,144"
63,Quindio,2015,Centros Poblados y Rural Disperso,"66,340"
63,Quindio,2015,Total,"526,484"
63,Quindio,2016,Cabecera,"463,141"
63,Quindio,2016,Centros Poblados y Rural Disperso,"66,750"
63,Quindio,2016,Total,"529,891"
63,Quindio,2017,Cabecera,"466,715"
63,Quindio,2017,Centros Poblados y Rural Disperso,"67,251"
63,Quindio,2017,Total,"533,966"
66,Risaralda,2005,Cabecera,"667,268"
66,Risaralda,2005,Centros Poblados y Rural Disperso,"210,706"
66,Risaralda,2005,Total,"877,974"
66,Risaralda,2006,Cabecera,"673,803"
66,Risaralda,2006,Centros Poblados y Rural Disperso,"210,218"
66,Risaralda,2006,Total,"884,021"
66,Risaralda,2007,Cabecera,"679,735"
66,Risaralda,2007,Centros Poblados y Rural Disperso,"209,665"
66,Risaralda,2007,Total,"889,400"
66,Risaralda,2008,Cabecera,"684,836"
66,Risaralda,2008,Centros Poblados y Rural Disperso,"208,961"
66,Risaralda,2008,Total,"893,797"
66,Risaralda,2009,Cabecera,"689,799"
66,Risaralda,2009,Centros Poblados y Rural Disperso,"208,327"
66,Risaralda,2009,Total,"898,126"
66,Risaralda,2010,Cabecera,"695,098"
66,Risaralda,2010,Centros Poblados y Rural Disperso,"207,896"
66,Risaralda,2010,Total,"902,994"
66,Risaralda,2011,Cabecera,"700,342"
66,Risaralda,2011,Centros Poblados y Rural Disperso,"207,554"
66,Risaralda,2011,Total,"907,896"
66,Risaralda,2012,Cabecera,"704,966"
66,Risaralda,2012,Centros Poblados y Rural Disperso,"207,121"
66,Risaralda,2012,Total,"912,087"
66,Risaralda,2013,Cabecera,"708,847"
66,Risaralda,2013,Centros Poblados y Rural Disperso,"206,566"
66,Risaralda,2013,Total,"915,413"
66,Risaralda,2014,Cabecera,"712,845"
66,Risaralda,2014,Centros Poblados y Rural Disperso,"206,120"
66,Risaralda,2014,Total,"918,965"
66,Risaralda,2015,Cabecera,"717,489"
66,Risaralda,2015,Centros Poblados y Rural Disperso,"205,954"
66,Risaralda,2015,Total,"923,443"
66,Risaralda,2016,Cabecera,"722,943"
66,Risaralda,2016,Centros Poblados y Rural Disperso,"206,103"
66,Risaralda,2016,Total,"929,046"
66,Risaralda,2017,Cabecera,"728,755"
66,Risaralda,2017,Centros Poblados y Rural Disperso,"206,409"
66,Risaralda,2017,Total,"935,164"
68,Santander,2005,Cabecera,"1,341,742"
68,Santander,2005,Centros Poblados y Rural Disperso,"540,633"
68,Santander,2005,Total,"1,882,375"
68,Santander,2006,Cabecera,"1,366,684"
68,Santander,2006,Centros Poblados y Rural Disperso,"539,246"
68,Santander,2006,Total,"1,905,930"
68,Santander,2007,Cabecera,"1,391,292"
68,Santander,2007,Centros Poblados y Rural Disperso,"537,828"
68,Santander,2007,Total,"1,929,120"
68,Santander,2008,Cabecera,"1,415,423"
68,Santander,2008,Centros Poblados y Rural Disperso,"536,374"
68,Santander,2008,Total,"1,951,797"
68,Santander,2009,Cabecera,"1,439,276"
68,Santander,2009,Centros Poblados y Rural Disperso,"534,950"
68,Santander,2009,Total,"1,974,226"
68,Santander,2010,Cabecera,"1,462,795"
68,Santander,2010,Centros Poblados y Rural Disperso,"533,557"
68,Santander,2010,Total,"1,996,352"
68,Santander,2011,Cabecera,"1,485,620"
68,Santander,2011,Centros Poblados y Rural Disperso,"532,060"
68,Santander,2011,Total,"2,017,680"
68,Santander,2012,Cabecera,"1,507,681"
68,Santander,2012,Centros Poblados y Rural Disperso,"530,441"
68,Santander,2012,Total,"2,038,122"
68,Santander,2013,Cabecera,"1,529,152"
68,Santander,2013,Centros Poblados y Rural Disperso,"528,800"
68,Santander,2013,Total,"2,057,952"
68,Santander,2014,Cabecera,"1,550,183"
68,Santander,2014,Centros Poblados y Rural Disperso,"527,165"
68,Santander,2014,Total,"2,077,348"
68,Santander,2015,Cabecera,"1,571,314"
68,Santander,2015,Centros Poblados y Rural Disperso,"525,755"
68,Santander,2015,Total,"2,097,069"
68,Santander,2016,Cabecera,"1,594,698"
68,Santander,2016,Centros Poblados y Rural Disperso,"525,256"
68,Santander,2016,Total,"2,119,954"
68,Santander,2017,Cabecera,"1,620,734"
68,Santander,2017,Centros Poblados y Rural Disperso,"525,762"
68,Santander,2017,Total,"2,146,496"
70,Sucre,2005,Cabecera,"492,583"
70,Sucre,2005,Centros Poblados y Rural Disperso,"290,952"
70,Sucre,2005,Total,"783,535"
70,Sucre,2006,Cabecera,"498,070"
70,Sucre,2006,Centros Poblados y Rural Disperso,"294,130"
70,Sucre,2006,Total,"792,200"
70,Sucre,2007,Cabecera,"503,555"
70,Sucre,2007,Centros Poblados y Rural Disperso,"297,293"
70,Sucre,2007,Total,"800,848"
70,Sucre,2008,Cabecera,"508,966"
70,Sucre,2008,Centros Poblados y Rural Disperso,"300,448"
70,Sucre,2008,Total,"809,414"
70,Sucre,2009,Cabecera,"514,350"
70,Sucre,2009,Centros Poblados y Rural Disperso,"303,587"
70,Sucre,2009,Total,"817,937"
70,Sucre,2010,Cabecera,"519,701"
70,Sucre,2010,Centros Poblados y Rural Disperso,"306,710"
70,Sucre,2010,Total,"826,411"
70,Sucre,2011,Cabecera,"524,950"
70,Sucre,2011,Centros Poblados y Rural Disperso,"309,786"
70,Sucre,2011,Total,"834,736"
70,Sucre,2012,Cabecera,"530,124"
70,Sucre,2012,Centros Poblados y Rural Disperso,"312,826"
70,Sucre,2012,Total,"842,950"
70,Sucre,2013,Cabecera,"535,295"
70,Sucre,2013,Centros Poblados y Rural Disperso,"315,862"
70,Sucre,2013,Total,"851,157"
70,Sucre,2014,Cabecera,"540,432"
70,Sucre,2014,Centros Poblados y Rural Disperso,"318,892"
70,Sucre,2014,Total,"859,324"
70,Sucre,2015,Cabecera,"545,710"
70,Sucre,2015,Centros Poblados y Rural Disperso,"321,991"
70,Sucre,2015,Total,"867,701"
70,Sucre,2016,Cabecera,"551,816"
70,Sucre,2016,Centros Poblados y Rural Disperso,"325,581"
70,Sucre,2016,Total,"877,397"
70,Sucre,2017,Cabecera,"558,884"
70,Sucre,2017,Centros Poblados y Rural Disperso,"329,754"
70,Sucre,2017,Total,"888,638"
73,Tolima,2005,Cabecera,"851,772"
73,Tolima,2005,Centros Poblados y Rural Disperso,"452,444"
73,Tolima,2005,Total,"1,304,216"
73,Tolima,2006,Cabecera,"857,160"
73,Tolima,2006,Centros Poblados y Rural Disperso,"449,025"
73,Tolima,2006,Total,"1,306,185"
73,Tolima,2007,Cabecera,"862,189"
73,Tolima,2007,Centros Poblados y Rural Disperso,"445,761"
73,Tolima,2007,Total,"1,307,950"
73,Tolima,2008,Cabecera,"866,874"
73,Tolima,2008,Centros Poblados y Rural Disperso,"442,639"
73,Tolima,2008,Total,"1,309,513"
73,Tolima,2009,Cabecera,"871,357"
73,Tolima,2009,Centros Poblados y Rural Disperso,"439,719"
73,Tolima,2009,Total,"1,311,076"
73,Tolima,2010,Cabecera,"875,727"
73,Tolima,2010,Centros Poblados y Rural Disperso,"437,041"
73,Tolima,2010,Total,"1,312,768"
73,Tolima,2011,Cabecera,"879,927"
73,Tolima,2011,Centros Poblados y Rural Disperso,"434,552"
73,Tolima,2011,Total,"1,314,479"
73,Tolima,2012,Cabecera,"883,873"
73,Tolima,2012,Centros Poblados y Rural Disperso,"432,181"
73,Tolima,2012,Total,"1,316,054"
73,Tolima,2013,Cabecera,"887,563"
73,Tolima,2013,Centros Poblados y Rural Disperso,"429,944"
73,Tolima,2013,Total,"1,317,507"
73,Tolima,2014,Cabecera,"891,162"
73,Tolima,2014,Centros Poblados y Rural Disperso,"427,898"
73,Tolima,2014,Total,"1,319,060"
73,Tolima,2015,Cabecera,"894,812"
73,Tolima,2015,Centros Poblados y Rural Disperso,"426,099"
73,Tolima,2015,Total,"1,320,911"
73,Tolima,2016,Cabecera,"898,714"
73,Tolima,2016,Centros Poblados y Rural Disperso,"424,609"
73,Tolima,2016,Total,"1,323,323"
73,Tolima,2017,Cabecera,"902,789"
73,Tolima,2017,Centros Poblados y Rural Disperso,"423,414"
73,Tolima,2017,Total,"1,326,203"
76,Valle del Cauca,2005,Cabecera,"3,579,635"
76,Valle del Cauca,2005,Centros Poblados y Rural Disperso,"627,316"
76,Valle del Cauca,2005,Total,"4,206,951"
76,Valle del Cauca,2006,Cabecera,"3,605,414"
76,Valle del Cauca,2006,Centros Poblados y Rural Disperso,"631,554"
76,Valle del Cauca,2006,Total,"4,236,968"
76,Valle del Cauca,2007,Cabecera,"3,628,032"
76,Valle del Cauca,2007,Centros Poblados y Rural Disperso,"635,295"
76,Valle del Cauca,2007,Total,"4,263,327"
76,Valle del Cauca,2008,Cabecera,"3,646,090"
76,Valle del Cauca,2008,Centros Poblados y Rural Disperso,"638,285"
76,Valle del Cauca,2008,Total,"4,284,375"
76,Valle del Cauca,2009,Cabecera,"3,662,599"
76,Valle del Cauca,2009,Centros Poblados y Rural Disperso,"641,040"
76,Valle del Cauca,2009,Total,"4,303,639"
76,Valle del Cauca,2010,Cabecera,"3,679,800"
76,Valle del Cauca,2010,Centros Poblados y Rural Disperso,"643,951"
76,Valle del Cauca,2010,Total,"4,323,751"
76,Valle del Cauca,2011,Cabecera,"3,696,363"
76,Valle del Cauca,2011,Centros Poblados y Rural Disperso,"646,768"
76,Valle del Cauca,2011,Total,"4,343,131"
76,Valle del Cauca,2012,Cabecera,"3,710,159"
76,Valle del Cauca,2012,Centros Poblados y Rural Disperso,"649,129"
76,Valle del Cauca,2012,Total,"4,359,288"
76,Valle del Cauca,2013,Cabecera,"3,720,434"
76,Valle del Cauca,2013,Centros Poblados y Rural Disperso,"650,870"
76,Valle del Cauca,2013,Total,"4,371,304"
76,Valle del Cauca,2014,Cabecera,"3,730,435"
76,Valle del Cauca,2014,Centros Poblados y Rural Disperso,"652,583"
76,Valle del Cauca,2014,Total,"4,383,018"
76,Valle del Cauca,2015,Cabecera,"3,742,514"
76,Valle del Cauca,2015,Centros Poblados y Rural Disperso,"654,680"
76,Valle del Cauca,2015,Total,"4,397,194"
76,Valle del Cauca,2016,Cabecera,"3,757,319"
76,Valle del Cauca,2016,Centros Poblados y Rural Disperso,"657,250"
76,Valle del Cauca,2016,Total,"4,414,569"
76,Valle del Cauca,2017,Cabecera,"3,772,643"
76,Valle del Cauca,2017,Centros Poblados y Rural Disperso,"659,906"
76,Valle del Cauca,2017,Total,"4,432,549"
81,Arauca,2005,Cabecera,"145,320"
81,Arauca,2005,Centros Poblados y Rural Disperso,"75,532"
81,Arauca,2005,Total,"220,852"
81,Arauca,2006,Cabecera,"146,147"
81,Arauca,2006,Centros Poblados y Rural Disperso,"75,916"
81,Arauca,2006,Total,"222,063"
81,Arauca,2007,Cabecera,"147,085"
81,Arauca,2007,Centros Poblados y Rural Disperso,"76,368"
81,Arauca,2007,Total,"223,453"
81,Arauca,2008,Cabecera,"148,113"
81,Arauca,2008,Centros Poblados y Rural Disperso,"76,883"
81,Arauca,2008,Total,"224,996"
81,Arauca,2009,Cabecera,"149,253"
81,Arauca,2009,Centros Poblados y Rural Disperso,"77,452"
81,Arauca,2009,Total,"226,705"
81,Arauca,2010,Cabecera,"150,455"
81,Arauca,2010,Centros Poblados y Rural Disperso,"78,058"
81,Arauca,2010,Total,"228,513"
81,Arauca,2011,Cabecera,"151,663"
81,Arauca,2011,Centros Poblados y Rural Disperso,"78,686"
81,Arauca,2011,Total,"230,349"
81,Arauca,2012,Cabecera,"152,966"
81,Arauca,2012,Centros Poblados y Rural Disperso,"79,350"
81,Arauca,2012,Total,"232,316"
81,Arauca,2013,Cabecera,"154,423"
81,Arauca,2013,Centros Poblados y Rural Disperso,"80,106"
81,Arauca,2013,Total,"234,529"
81,Arauca,2014,Cabecera,"156,009"
81,Arauca,2014,Centros Poblados y Rural Disperso,"80,922"
81,Arauca,2014,Total,"236,931"
81,Arauca,2015,Cabecera,"157,884"
81,Arauca,2015,Centros Poblados y Rural Disperso,"81,888"
81,Arauca,2015,Total,"239,772"
81,Arauca,2016,Cabecera,"160,796"
81,Arauca,2016,Centros Poblados y Rural Disperso,"83,410"
81,Arauca,2016,Total,"244,206"
81,Arauca,2017,Cabecera,"164,947"
81,Arauca,2017,Centros Poblados y Rural Disperso,"85,555"
81,Arauca,2017,Total,"250,502"
85,Casanare,2005,Cabecera,"227,835"
85,Casanare,2005,Centros Poblados y Rural Disperso,"97,226"
85,Casanare,2005,Total,"325,061"
85,Casanare,2006,Cabecera,"233,306"
85,Casanare,2006,Centros Poblados y Rural Disperso,"99,275"
85,Casanare,2006,Total,"332,581"
85,Casanare,2007,Cabecera,"238,649"
85,Casanare,2007,Centros Poblados y Rural Disperso,"101,379"
85,Casanare,2007,Total,"340,028"
85,Casanare,2008,Cabecera,"243,877"
85,Casanare,2008,Centros Poblados y Rural Disperso,"103,485"
85,Casanare,2008,Total,"347,362"
85,Casanare,2009,Cabecera,"249,035"
85,Casanare,2009,Centros Poblados y Rural Disperso,"105,586"
85,Casanare,2009,Total,"354,621"
85,Casanare,2010,Cabecera,"254,145"
85,Casanare,2010,Centros Poblados y Rural Disperso,"107,679"
85,Casanare,2010,Total,"361,824"
85,Casanare,2011,Cabecera,"259,137"
85,Casanare,2011,Centros Poblados y Rural Disperso,"109,775"
85,Casanare,2011,Total,"368,912"
85,Casanare,2012,Cabecera,"264,041"
85,Casanare,2012,Centros Poblados y Rural Disperso,"111,831"
85,Casanare,2012,Total,"375,872"
85,Casanare,2013,Cabecera,"268,881"
85,Casanare,2013,Centros Poblados y Rural Disperso,"113,854"
85,Casanare,2013,Total,"382,735"
85,Casanare,2014,Cabecera,"273,652"
85,Casanare,2014,Centros Poblados y Rural Disperso,"115,859"
85,Casanare,2014,Total,"389,511"
85,Casanare,2015,Cabecera,"278,433"
85,Casanare,2015,Centros Poblados y Rural Disperso,"117,887"
85,Casanare,2015,Total,"396,320"
85,Casanare,2016,Cabecera,"283,526"
85,Casanare,2016,Centros Poblados y Rural Disperso,"120,028"
85,Casanare,2016,Total,"403,554"
85,Casanare,2017,Cabecera,"288,933"
85,Casanare,2017,Centros Poblados y Rural Disperso,"122,322"
85,Casanare,2017,Total,"411,255"
86,Putumayo,2005,Cabecera,"132,215"
86,Putumayo,2005,Centros Poblados y Rural Disperso,"134,059"
86,Putumayo,2005,Total,"266,274"
86,Putumayo,2006,Cabecera,"135,844"
86,Putumayo,2006,Centros Poblados y Rural Disperso,"136,680"
86,Putumayo,2006,Total,"272,524"
86,Putumayo,2007,Cabecera,"139,267"
86,Putumayo,2007,Centros Poblados y Rural Disperso,"139,470"
86,Putumayo,2007,Total,"278,737"
86,Putumayo,2008,Cabecera,"142,550"
86,Putumayo,2008,Centros Poblados y Rural Disperso,"142,367"
86,Putumayo,2008,Total,"284,917"
86,Putumayo,2009,Cabecera,"145,809"
86,Putumayo,2009,Centros Poblados y Rural Disperso,"145,390"
86,Putumayo,2009,Total,"291,199"
86,Putumayo,2010,Cabecera,"149,078"
86,Putumayo,2010,Centros Poblados y Rural Disperso,"148,522"
86,Putumayo,2010,Total,"297,600"
86,Putumayo,2011,Cabecera,"152,297"
86,Putumayo,2011,Centros Poblados y Rural Disperso,"151,632"
86,Putumayo,2011,Total,"303,929"
86,Putumayo,2012,Cabecera,"155,382"
86,Putumayo,2012,Centros Poblados y Rural Disperso,"154,645"
86,Putumayo,2012,Total,"310,027"
86,Putumayo,2013,Cabecera,"158,356"
86,Putumayo,2013,Centros Poblados y Rural Disperso,"157,585"
86,Putumayo,2013,Total,"315,941"
86,Putumayo,2014,Cabecera,"161,324"
86,Putumayo,2014,Centros Poblados y Rural Disperso,"160,526"
86,Putumayo,2014,Total,"321,850"
86,Putumayo,2015,Cabecera,"164,338"
86,Putumayo,2015,Centros Poblados y Rural Disperso,"163,518"
86,Putumayo,2015,Total,"327,856"
86,Putumayo,2016,Cabecera,"167,500"
86,Putumayo,2016,Centros Poblados y Rural Disperso,"166,652"
86,Putumayo,2016,Total,"334,152"
86,Putumayo,2017,Cabecera,"170,811"
86,Putumayo,2017,Centros Poblados y Rural Disperso,"169,939"
86,Putumayo,2017,Total,"340,750"
88,Archipiélago de San Andrés,2005,Cabecera,"44,953"
88,Archipiélago de San Andrés,2005,Centros Poblados y Rural Disperso,"17,167"
88,Archipiélago de San Andrés,2005,Total,"62,120"
88,Archipiélago de San Andrés,2006,Cabecera,"44,948"
88,Archipiélago de San Andrés,2006,Centros Poblados y Rural Disperso,"17,138"
88,Archipiélago de San Andrés,2006,Total,"62,086"
88,Archipiélago de San Andrés,2007,Cabecera,"44,951"
88,Archipiélago de San Andrés,2007,Centros Poblados y Rural Disperso,"17,089"
88,Archipiélago de San Andrés,2007,Total,"62,040"
88,Archipiélago de San Andrés,2008,Cabecera,"44,924"
88,Archipiélago de San Andrés,2008,Centros Poblados y Rural Disperso,"17,047"
88,Archipiélago de San Andrés,2008,Total,"61,971"
88,Archipiélago de San Andrés,2009,Cabecera,"44,890"
88,Archipiélago de San Andrés,2009,Centros Poblados y Rural Disperso,"16,985"
88,Archipiélago de San Andrés,2009,Total,"61,875"
88,Archipiélago de San Andrés,2010,Cabecera,"44,858"
88,Archipiélago de San Andrés,2010,Centros Poblados y Rural Disperso,"16,929"
88,Archipiélago de San Andrés,2010,Total,"61,787"
88,Archipiélago de San Andrés,2011,Cabecera,"44,838"
88,Archipiélago de San Andrés,2011,Centros Poblados y Rural Disperso,"16,873"
88,Archipiélago de San Andrés,2011,Total,"61,711"
88,Archipiélago de San Andrés,2012,Cabecera,"44,824"
88,Archipiélago de San Andrés,2012,Centros Poblados y Rural Disperso,"16,809"
88,Archipiélago de San Andrés,2012,Total,"61,633"
88,Archipiélago de San Andrés,2013,Cabecera,"44,804"
88,Archipiélago de San Andrés,2013,Centros Poblados y Rural Disperso,"16,739"
88,Archipiélago de San Andrés,2013,Total,"61,543"
88,Archipiélago de San Andrés,2014,Cabecera,"44,789"
88,Archipiélago de San Andrés,2014,Centros Poblados y Rural Disperso,"16,674"
88,Archipiélago de San Andrés,2014,Total,"61,463"
88,Archipiélago de San Andrés,2015,Cabecera,"44,801"
88,Archipiélago de San Andrés,2015,Centros Poblados y Rural Disperso,"16,605"
88,Archipiélago de San Andrés,2015,Total,"61,406"
88,Archipiélago de San Andrés,2016,Cabecera,"44,824"
88,Archipiélago de San Andrés,2016,Centros Poblados y Rural Disperso,"16,534"
88,Archipiélago de San Andrés,2016,Total,"61,358"
88,Archipiélago de San Andrés,2017,Cabecera,"44,846"
88,Archipiélago de San Andrés,2017,Centros Poblados y Rural Disperso,"16,463"
88,Archipiélago de San Andrés,2017,Total,"61,309"
91,Amazonas,2005,Cabecera,"29,341"
91,Amazonas,2005,Centros Poblados y Rural Disperso,"30,239"
91,Amazonas,2005,Total,"59,580"
91,Amazonas,2006,Cabecera,"29,805"
91,Amazonas,2006,Centros Poblados y Rural Disperso,"30,979"
91,Amazonas,2006,Total,"60,784"
91,Amazonas,2007,Cabecera,"30,318"
91,Amazonas,2007,Centros Poblados y Rural Disperso,"31,710"
91,Amazonas,2007,Total,"62,028"
91,Amazonas,2008,Cabecera,"30,841"
91,Amazonas,2008,Centros Poblados y Rural Disperso,"32,450"
91,Amazonas,2008,Total,"63,291"
91,Amazonas,2009,Cabecera,"31,414"
91,Amazonas,2009,Centros Poblados y Rural Disperso,"33,202"
91,Amazonas,2009,Total,"64,616"
91,Amazonas,2010,Cabecera,"32,027"
91,Amazonas,2010,Centros Poblados y Rural Disperso,"33,964"
91,Amazonas,2010,Total,"65,991"
91,Amazonas,2011,Cabecera,"32,655"
91,Amazonas,2011,Centros Poblados y Rural Disperso,"34,706"
91,Amazonas,2011,Total,"67,361"
91,Amazonas,2012,Cabecera,"33,268"
91,Amazonas,2012,Centros Poblados y Rural Disperso,"35,413"
91,Amazonas,2012,Total,"68,681"
91,Amazonas,2013,Cabecera,"33,866"
91,Amazonas,2013,Centros Poblados y Rural Disperso,"36,087"
91,Amazonas,2013,Total,"69,953"
91,Amazonas,2014,Cabecera,"34,464"
91,Amazonas,2014,Centros Poblados y Rural Disperso,"36,751"
91,Amazonas,2014,Total,"71,215"
91,Amazonas,2015,Cabecera,"35,073"
91,Amazonas,2015,Centros Poblados y Rural Disperso,"37,412"
91,Amazonas,2015,Total,"72,485"
91,Amazonas,2016,Cabecera,"35,704"
91,Amazonas,2016,Centros Poblados y Rural Disperso,"38,086"
91,Amazonas,2016,Total,"73,790"
91,Amazonas,2017,Cabecera,"36,330"
91,Amazonas,2017,Centros Poblados y Rural Disperso,"38,774"
91,Amazonas,2017,Total,"75,104"
94,Guainía,2005,Cabecera,"12,884"
94,Guainía,2005,Centros Poblados y Rural Disperso,"17,847"
94,Guainía,2005,Total,"30,731"
94,Guainía,2006,Cabecera,"13,392"
94,Guainía,2006,Centros Poblados y Rural Disperso,"18,489"
94,Guainía,2006,Total,"31,881"
94,Guainía,2007,Cabecera,"13,906"
94,Guainía,2007,Centros Poblados y Rural Disperso,"19,167"
94,Guainía,2007,Total,"33,073"
94,Guainía,2008,Cabecera,"14,434"
94,Guainía,2008,Centros Poblados y Rural Disperso,"19,860"
94,Guainía,2008,Total,"34,294"
94,Guainía,2009,Cabecera,"14,972"
94,Guainía,2009,Centros Poblados y Rural Disperso,"20,562"
94,Guainía,2009,Total,"35,534"
94,Guainía,2010,Cabecera,"15,495"
94,Guainía,2010,Centros Poblados y Rural Disperso,"21,298"
94,Guainía,2010,Total,"36,793"
94,Guainía,2011,Cabecera,"16,035"
94,Guainía,2011,Centros Poblados y Rural Disperso,"22,037"
94,Guainía,2011,Total,"38,072"
94,Guainía,2012,Cabecera,"16,578"
94,Guainía,2012,Centros Poblados y Rural Disperso,"22,776"
94,Guainía,2012,Total,"39,354"
94,Guainía,2013,Cabecera,"17,126"
94,Guainía,2013,Centros Poblados y Rural Disperso,"23,512"
94,Guainía,2013,Total,"40,638"
94,Guainía,2014,Cabecera,"17,673"
94,Guainía,2014,Centros Poblados y Rural Disperso,"24,273"
94,Guainía,2014,Total,"41,946"
94,Guainía,2015,Cabecera,"18,237"
94,Guainía,2015,Centros Poblados y Rural Disperso,"25,054"
94,Guainía,2015,Total,"43,291"
94,Guainía,2016,Cabecera,"18,843"
94,Guainía,2016,Centros Poblados y Rural Disperso,"25,879"
94,Guainía,2016,Total,"44,722"
94,Guainía,2017,Cabecera,"19,486"
94,Guainía,2017,Centros Poblados y Rural Disperso,"26,764"
94,Guainía,2017,Total,"46,250"
95,Guaviare,2005,Cabecera,"40,344"
95,Guaviare,2005,Centros Poblados y Rural Disperso,"32,952"
95,Guaviare,2005,Total,"73,296"
95,Guaviare,2006,Cabecera,"40,280"
95,Guaviare,2006,Centros Poblados y Rural Disperso,"32,721"
95,Guaviare,2006,Total,"73,001"
95,Guaviare,2007,Cabecera,"40,260"
95,Guaviare,2007,Centros Poblados y Rural Disperso,"32,569"
95,Guaviare,2007,Total,"72,829"
95,Guaviare,2008,Cabecera,"40,302"
95,Guaviare,2008,Centros Poblados y Rural Disperso,"32,484"
95,Guaviare,2008,Total,"72,786"
95,Guaviare,2009,Cabecera,"40,404"
95,Guaviare,2009,Centros Poblados y Rural Disperso,"32,496"
95,Guaviare,2009,Total,"72,900"
95,Guaviare,2010,Cabecera,"40,600"
95,Guaviare,2010,Centros Poblados y Rural Disperso,"32,594"
95,Guaviare,2010,Total,"73,194"
95,Guaviare,2011,Cabecera,"40,875"
95,Guaviare,2011,Centros Poblados y Rural Disperso,"32,777"
95,Guaviare,2011,Total,"73,652"
95,Guaviare,2012,Cabecera,"41,242"
95,Guaviare,2012,Centros Poblados y Rural Disperso,"33,039"
95,Guaviare,2012,Total,"74,281"
95,Guaviare,2013,Cabecera,"41,702"
95,Guaviare,2013,Centros Poblados y Rural Disperso,"33,390"
95,Guaviare,2013,Total,"75,092"
95,Guaviare,2014,Cabecera,"42,267"
95,Guaviare,2014,Centros Poblados y Rural Disperso,"33,834"
95,Guaviare,2014,Total,"76,101"
95,Guaviare,2015,Cabecera,"42,956"
95,Guaviare,2015,Centros Poblados y Rural Disperso,"34,372"
95,Guaviare,2015,Total,"77,328"
95,Guaviare,2016,Cabecera,"43,773"
95,Guaviare,2016,Centros Poblados y Rural Disperso,"35,023"
95,Guaviare,2016,Total,"78,796"
95,Guaviare,2017,Cabecera,"44,733"
95,Guaviare,2017,Centros Poblados y Rural Disperso,"35,774"
95,Guaviare,2017,Total,"80,507"
97,Vaupés,2005,Cabecera,"7,525"
97,Vaupés,2005,Centros Poblados y Rural Disperso,"17,936"
97,Vaupés,2005,Total,"25,461"
97,Vaupés,2006,Cabecera,"7,890"
97,Vaupés,2006,Centros Poblados y Rural Disperso,"18,768"
97,Vaupés,2006,Total,"26,658"
97,Vaupés,2007,Cabecera,"8,258"
97,Vaupés,2007,Centros Poblados y Rural Disperso,"19,623"
97,Vaupés,2007,Total,"27,881"
97,Vaupés,2008,Cabecera,"8,621"
97,Vaupés,2008,Centros Poblados y Rural Disperso,"20,502"
97,Vaupés,2008,Total,"29,123"
97,Vaupés,2009,Cabecera,"9,007"
97,Vaupés,2009,Centros Poblados y Rural Disperso,"21,387"
97,Vaupés,2009,Total,"30,394"
97,Vaupés,2010,Cabecera,"9,390"
97,Vaupés,2010,Centros Poblados y Rural Disperso,"22,287"
97,Vaupés,2010,Total,"31,677"
97,Vaupés,2011,Cabecera,"9,759"
97,Vaupés,2011,Centros Poblados y Rural Disperso,"23,181"
97,Vaupés,2011,Total,"32,940"
97,Vaupés,2012,Cabecera,"10,128"
97,Vaupés,2012,Centros Poblados y Rural Disperso,"24,037"
97,Vaupés,2012,Total,"34,165"
97,Vaupés,2013,Cabecera,"10,479"
97,Vaupés,2013,Centros Poblados y Rural Disperso,"24,874"
97,Vaupés,2013,Total,"35,353"
97,Vaupés,2014,Cabecera,"10,815"
97,Vaupés,2014,Centros Poblados y Rural Disperso,"25,694"
97,Vaupés,2014,Total,"36,509"
97,Vaupés,2015,Cabecera,"11,151"
97,Vaupés,2015,Centros Poblados y Rural Disperso,"26,487"
97,Vaupés,2015,Total,"37,638"
97,Vaupés,2016,Cabecera,"11,481"
97,Vaupés,2016,Centros Poblados y Rural Disperso,"27,256"
97,Vaupés,2016,Total,"38,737"
97,Vaupés,2017,Cabecera,"11,802"
97,Vaupés,2017,Centros Poblados y Rural Disperso,"28,009"
97,Vaupés,2017,Total,"39,811"
99,Vichada,2005,Cabecera,"21,961"
99,Vichada,2005,Centros Poblados y Rural Disperso,"55,683"
99,Vichada,2005,Total,"77,644"
99,Vichada,2006,Cabecera,"22,417"
99,Vichada,2006,Centros Poblados y Rural Disperso,"57,561"
99,Vichada,2006,Total,"79,978"
99,Vichada,2007,Cabecera,"22,833"
99,Vichada,2007,Centros Poblados y Rural Disperso,"59,482"
99,Vichada,2007,Total,"82,315"
99,Vichada,2008,Cabecera,"23,238"
99,Vichada,2008,Centros Poblados y Rural Disperso,"61,415"
99,Vichada,2008,Total,"84,653"
99,Vichada,2009,Cabecera,"23,604"
99,Vichada,2009,Centros Poblados y Rural Disperso,"63,387"
99,Vichada,2009,Total,"86,991"
99,Vichada,2010,Cabecera,"23,946"
99,Vichada,2010,Centros Poblados y Rural Disperso,"65,368"
99,Vichada,2010,Total,"89,314"
99,Vichada,2011,Cabecera,"24,247"
99,Vichada,2011,Centros Poblados y Rural Disperso,"67,355"
99,Vichada,2011,Total,"91,602"
99,Vichada,2012,Cabecera,"24,506"
99,Vichada,2012,Centros Poblados y Rural Disperso,"69,343"
99,Vichada,2012,Total,"93,849"
99,Vichada,2013,Cabecera,"24,754"
99,Vichada,2013,Centros Poblados y Rural Disperso,"71,303"
99,Vichada,2013,Total,"96,057"
99,Vichada,2014,Cabecera,"24,951"
99,Vichada,2014,Centros Poblados y Rural Disperso,"73,277"
99,Vichada,2014,Total,"98,228"
99,Vichada,2015,Cabecera,"25,141"
99,Vichada,2015,Centros Poblados y Rural Disperso,"75,251"
99,Vichada,2015,Total,"100,392"
99,Vichada,2016,Cabecera,"25,331"
99,Vichada,2016,Centros Poblados y Rural Disperso,"77,332"
99,Vichada,2016,Total,"102,663"
99,Vichada,2017,Cabecera,"25,537"
99,Vichada,2017,Centros Poblados y Rural Disperso,"79,522"
99,Vichada,2017,Total,"105,059"
