DP,DPNOM,AÑO,ÁREA GEOGRÁFICA,TOTAL
5,Antioquia,2018,Total,"6,407,149"
8,Atlántico,2018,Total,"2,535,506"
11,"Bogotá, D.C.",2018,Total,"7,391,056"
13,Bolívar,2018,Total,"2,070,083"
15,Boyacá,2018,Total,"1,218,755"
17,Caldas,2018,Total,"998,249"
18,Caquetá,2018,Total,"402,085"
19,Cauca,2018,Total,"1,464,502"
20,Cesar,2018,Total,"1,200,589"
23,Córdoba,2018,Total,"1,784,754"
25,Cundinamarca,2018,Total,"2,939,840"
27,Chocó,2018,Total,"534,807"
41,Huila,2018,Total,"1,100,364"
44,La Guajira,2018,Total,"880,552"
47,Magdalena,2018,Total,"1,341,797"
50,Meta,2018,Total,"1,039,701"
52,Nariño,2018,Total,"1,630,598"
54,Norte de Santander,2018,Total,"1,491,720"
63,Quindío,2018,Total,"539,918"
66,Risaralda,2018,Total,"943,393"
68,Santander,2018,Total,"2,184,132"
70,Sucre,2018,Total,"904,850"
73,Tolima,2018,Total,"1,330,184"
76,Valle del Cauca,2018,Total,"4,475,873"
81,Arauca,2018,Total,"262,177"
85,Casanare,2018,Total,"420,511"
86,Putumayo,2018,Total,"348,167"
88,"Archipiélago de San Andrés, Providencia y Santa Catalina",2018,Total,"61,284"
91,Amazonas,2018,Total,"76,573"
94,Guainía,2018,Total,"48,081"
95,Guaviare,2018,Total,"82,768"
97,Vaupés,2018,Total,"40,774"
99,Vichada,2018,Total,"107,702"
5,Antioquia,2019,Total,"6,518,070"
8,Atlántico,2019,Total,"2,608,908"
11,"Bogotá, D.C.",2019,Total,"7,533,202"
13,Bolívar,2019,Total,"2,108,412"
15,Boyacá,2019,Total,"1,233,430"
17,Caldas,2019,Total,"1,011,586"
18,Caquetá,2019,Total,"406,111"
19,Cauca,2019,Total,"1,487,377"
20,Cesar,2019,Total,"1,251,175"
23,Córdoba,2019,Total,"1,821,239"
25,Cundinamarca,2019,Total,"3,052,321"
27,Chocó,2019,Total,"545,320"
41,Huila,2019,Total,"1,117,786"
44,La Guajira,2019,Total,"918,062"
47,Magdalena,2019,Total,"1,384,062"
50,Meta,2019,Total,"1,062,355"
52,Nariño,2019,Total,"1,645,708"
54,Norte de Santander,2019,Total,"1,545,342"
63,Quindío,2019,Total,"544,109"
66,Risaralda,2019,Total,"956,212"
68,Santander,2019,Total,"2,232,284"
70,Sucre,2019,Total,"928,362"
73,Tolima,2019,Total,"1,341,138"
76,Valle del Cauca,2019,Total,"4,533,931"
81,Arauca,2019,Total,"266,031"
85,Casanare,2019,Total,"430,549"
86,Putumayo,2019,Total,"355,117"
88,"Archipiélago de San Andrés, Providencia y Santa Catalina",2019,Total,"61,679"
91,Amazonas,2019,Total,"78,065"
94,Guainía,2019,Total,"49,948"
95,Guaviare,2019,Total,"83,138"
97,Vaupés,2019,Total,"41,448"
99,Vichada,2019,Total,"114,049"
5,Antioquia,2020,Total,"6,642,072"
8,Atlántico,2020,Total,"2,693,388"
11,"Bogotá, D.C.",2020,Total,"7,717,564"
13,Bolívar,2020,Total,"2,151,461"
15,Boyacá,2020,Total,"1,248,977"
17,Caldas,2020,Total,"1,025,648"
18,Caquetá,2020,Total,"410,567"
19,Cauca,2020,Total,"1,510,904"
20,Cesar,2020,Total,"1,307,763"
23,Córdoba,2020,Total,"1,859,810"
25,Cundinamarca,2020,Total,"3,157,942"
27,Chocó,2020,Total,"555,787"
41,Huila,2020,Total,"1,135,396"
44,La Guajira,2020,Total,"959,829"
47,Magdalena,2020,Total,"1,432,692"
50,Meta,2020,Total,"1,087,196"
52,Nariño,2020,Total,"1,661,044"
54,Norte de Santander,2020,Total,"1,607,917"
63,Quindío,2020,Total,"548,659"
66,Risaralda,2020,Total,"969,801"
68,Santander,2020,Total,"2,287,806"
70,Sucre,2020,Total,"953,654"
73,Tolima,2020,Total,"1,352,773"
76,Valle del Cauca,2020,Total,"4,598,318"
81,Arauca,2020,Total,"270,495"
85,Casanare,2020,Total,"441,510"
86,Putumayo,2020,Total,"362,162"
88,"Archipiélago de San Andrés, Providencia y Santa Catalina",2020,Total,"62,127"
91,Amazonas,2020,Total,"79,583"
94,Guainía,2020,Total,"51,772"
95,Guaviare,2020,Total,"83,574"
97,Vaupés,2020,Total,"42,135"
99,Vichada,2020,Total,"120,464"
5,Antioquia,2021,Total,"6,721,140"
8,Atlántico,2021,Total,"2,741,296"
11,"Bogotá, D.C.",2021,Total,"7,804,920"
13,Bolívar,2021,Total,"2,177,352"
15,Boyacá,2021,Total,"1,260,227"
17,Caldas,2021,Total,"1,035,206"
18,Caquetá,2021,Total,"414,947"
19,Cauca,2021,Total,"1,531,934"
20,Cesar,2021,Total,"1,347,446"
23,Córdoba,2021,Total,"1,890,862"
25,Cundinamarca,2021,Total,"3,242,668"
27,Chocó,2021,Total,"564,382"
41,Huila,2021,Total,"1,151,482"
44,La Guajira,2021,Total,"986,573"
47,Magdalena,2021,Total,"1,463,123"
50,Meta,2021,Total,"1,104,559"
52,Nariño,2021,Total,"1,673,585"
54,Norte de Santander,2021,Total,"1,640,270"
63,Quindío,2021,Total,"552,571"
66,Risaralda,2021,Total,"979,983"
68,Santander,2021,Total,"2,319,558"
70,Sucre,2021,Total,"972,704"
73,Tolima,2021,Total,"1,361,747"
76,Valle del Cauca,2021,Total,"4,636,501"
81,Arauca,2021,Total,"273,137"
85,Casanare,2021,Total,"449,378"
86,Putumayo,2021,Total,"368,423"
88,"Archipiélago de San Andrés, Providencia y Santa Catalina",2021,Total,"62,573"
91,Amazonas,2021,Total,"80,865"
94,Guainía,2021,Total,"53,485"
95,Guaviare,2021,Total,"83,885"
97,Vaupés,2021,Total,"42,641"
99,Vichada,2021,Total,"126,214"
5,Antioquia,2022,Total,"6,777,249"
8,Atlántico,2022,Total,"2,774,009"
11,"Bogotá, D.C.",2022,Total,"7,849,206"
13,Bolívar,2022,Total,"2,195,275"
15,Boyacá,2022,Total,"1,268,367"
17,Caldas,2022,Total,"1,041,232"
18,Caquetá,2022,Total,"418,724"
19,Cauca,2022,Total,"1,549,859"
20,Cesar,2022,Total,"1,379,279"
23,Córdoba,2022,Total,"1,917,742"
25,Cundinamarca,2022,Total,"3,316,583"
27,Chocó,2022,Total,"572,258"
41,Huila,2022,Total,"1,166,143"
44,La Guajira,2022,Total,"1,007,580"
47,Magdalena,2022,Total,"1,485,394"
50,Meta,2022,Total,"1,118,349"
52,Nariño,2022,Total,"1,684,282"
54,Norte de Santander,2022,Total,"1,659,814"
63,Quindío,2022,Total,"554,581"
66,Risaralda,2022,Total,"986,996"
68,Santander,2022,Total,"2,341,058"
70,Sucre,2022,Total,"988,782"
73,Tolima,2022,Total,"1,368,345"
76,Valle del Cauca,2022,Total,"4,658,811"
81,Arauca,2022,Total,"274,806"
85,Casanare,2022,Total,"455,615"
86,Putumayo,2022,Total,"374,360"
88,"Archipiélago de San Andrés, Providencia y Santa Catalina",2022,Total,"62,801"
91,Amazonas,2022,Total,"81,996"
94,Guainía,2022,Total,"55,129"
95,Guaviare,2022,Total,"84,107"
97,Vaupés,2022,Total,"43,009"
99,Vichada,2022,Total,"131,824"
5,Antioquia,2023,Total,"6,826,125"
8,Atlántico,2023,Total,"2,805,401"
11,"Bogotá, D.C.",2023,Total,"7,883,928"
13,Bolívar,2023,Total,"2,210,979"
15,Boyacá,2023,Total,"1,275,286"
17,Caldas,2023,Total,"1,044,570"
18,Caquetá,2023,Total,"422,271"
19,Cauca,2023,Total,"1,565,745"
20,Cesar,2023,Total,"1,410,147"
23,Córdoba,2023,Total,"1,943,751"
25,Cundinamarca,2023,Total,"3,388,483"
27,Chocó,2023,Total,"579,442"
41,Huila,2023,Total,"1,179,882"
44,La Guajira,2023,Total,"1,027,914"
47,Magdalena,2023,Total,"1,506,027"
50,Meta,2023,Total,"1,131,202"
52,Nariño,2023,Total,"1,694,158"
54,Norte de Santander,2023,Total,"1,678,058"
63,Quindío,2023,Total,"555,120"
66,Risaralda,2023,Total,"991,338"
68,Santander,2023,Total,"2,360,567"
70,Sucre,2023,Total,"1,004,176"
73,Tolima,2023,Total,"1,373,558"
76,Valle del Cauca,2023,Total,"4,673,395"
81,Arauca,2023,Total,"276,240"
85,Casanare,2023,Total,"461,462"
86,Putumayo,2023,Total,"379,921"
88,"Archipiélago de San Andrés, Providencia y Santa Catalina",2023,Total,"63,007"
91,Amazonas,2023,Total,"83,087"
94,Guainía,2023,Total,"56,697"
95,Guaviare,2023,Total,"84,318"
97,Vaupés,2023,Total,"43,383"
99,Vichada,2023,Total,"137,429"
5,Antioquia,2024,Total,"6,880,799"
8,Atlántico,2024,Total,"2,836,795"
11,"Bogotá, D.C.",2024,Total,"7,918,660"
13,Bolívar,2024,Total,"2,227,181"
15,Boyacá,2024,Total,"1,283,225"
17,Caldas,2024,Total,"1,050,126"
18,Caquetá,2024,Total,"425,827"
19,Cauca,2024,Total,"1,583,095"
20,Cesar,2024,Total,"1,440,484"
23,Córdoba,2024,Total,"1,969,108"
25,Cundinamarca,2024,Total,"3,463,004"
27,Chocó,2024,Total,"586,128"
41,Huila,2024,Total,"1,194,754"
44,La Guajira,2024,Total,"1,047,859"
47,Magdalena,2024,Total,"1,526,269"
50,Meta,2024,Total,"1,144,286"
52,Nariño,2024,Total,"1,704,383"
54,Norte de Santander,2024,Total,"1,694,970"
63,Quindío,2024,Total,"556,880"
66,Risaralda,2024,Total,"997,930"
68,Santander,2024,Total,"2,380,650"
70,Sucre,2024,Total,"1,019,575"
73,Tolima,2024,Total,"1,380,444"
76,Valle del Cauca,2024,Total,"4,693,432"
81,Arauca,2024,Total,"277,883"
85,Casanare,2024,Total,"467,565"
86,Putumayo,2024,Total,"385,400"
88,"Archipiélago de San Andrés, Providencia y Santa Catalina",2024,Total,"63,250"
91,Amazonas,2024,Total,"84,109"
94,Guainía,2024,Total,"58,240"
95,Guaviare,2024,Total,"84,550"
97,Vaupés,2024,Total,"43,775"
99,Vichada,2024,Total,"143,117"
5,Antioquia,2025,Total,"6,928,372"
8,Atlántico,2025,Total,"2,865,034"
11,"Bogotá, D.C.",2025,Total,"7,942,867"
13,Bolívar,2025,Total,"2,241,282"
15,Boyacá,2025,Total,"1,290,393"
17,Caldas,2025,Total,"1,054,450"
18,Caquetá,2025,Total,"429,041"
19,Cauca,2025,Total,"1,599,148"
20,Cesar,2025,Total,"1,469,159"
23,Córdoba,2025,Total,"1,992,907"
25,Cundinamarca,2025,Total,"3,535,067"
27,Chocó,2025,Total,"593,106"
41,Huila,2025,Total,"1,208,728"
44,La Guajira,2025,Total,"1,066,679"
47,Magdalena,2025,Total,"1,544,507"
50,Meta,2025,Total,"1,156,405"
52,Nariño,2025,Total,"1,713,586"
54,Norte de Santander,2025,Total,"1,709,289"
63,Quindío,2025,Total,"557,884"
66,Risaralda,2025,Total,"1,003,225"
68,Santander,2025,Total,"2,398,303"
70,Sucre,2025,Total,"1,034,102"
73,Tolima,2025,Total,"1,386,410"
76,Valle del Cauca,2025,Total,"4,708,393"
81,Arauca,2025,Total,"279,191"
85,Casanare,2025,Total,"473,165"
86,Putumayo,2025,Total,"390,742"
88,"Archipiélago de San Andrés, Providencia y Santa Catalina",2025,Total,"63,438"
91,Amazonas,2025,Total,"85,057"
94,Guainía,2025,Total,"59,706"
95,Guaviare,2025,Total,"84,696"
97,Vaupés,2025,Total,"44,142"
99,Vichada,2025,Total,"148,738"
5,Antioquia,2026,Total,"6,963,990"
8,Atlántico,2026,Total,"2,885,904"
11,"Bogotá, D.C.",2026,Total,"7,945,996"
13,Bolívar,2026,Total,"2,251,190"
15,Boyacá,2026,Total,"1,295,848"
17,Caldas,2026,Total,"1,056,839"
18,Caquetá,2026,Total,"431,867"
19,Cauca,2026,Total,"1,613,329"
20,Cesar,2026,Total,"1,493,824"
23,Córdoba,2026,Total,"2,014,312"
25,Cundinamarca,2026,Total,"3,601,277"
27,Chocó,2026,Total,"599,468"
41,Huila,2026,Total,"1,221,847"
44,La Guajira,2026,Total,"1,082,618"
47,Magdalena,2026,Total,"1,558,748"
50,Meta,2026,Total,"1,166,652"
52,Nariño,2026,Total,"1,721,735"
54,Norte de Santander,2026,Total,"1,717,792"
63,Quindío,2026,Total,"557,850"
66,Risaralda,2026,Total,"1,006,785"
68,Santander,2026,Total,"2,410,700"
70,Sucre,2026,Total,"1,047,052"
73,Tolima,2026,Total,"1,390,982"
76,Valle del Cauca,2026,Total,"4,714,987"
81,Arauca,2026,Total,"280,022"
85,Casanare,2026,Total,"477,966"
86,Putumayo,2026,Total,"395,590"
88,"Archipiélago de San Andrés, Providencia y Santa Catalina",2026,Total,"63,527"
91,Amazonas,2026,Total,"85,896"
94,Guainía,2026,Total,"61,065"
95,Guaviare,2026,Total,"84,833"
97,Vaupés,2026,Total,"44,490"
99,Vichada,2026,Total,"154,190"
5,Antioquia,2027,Total,"6,996,191"
8,Atlántico,2027,Total,"2,905,067"
11,"Bogotá, D.C.",2027,Total,"7,943,941"
13,Bolívar,2027,Total,"2,259,879"
15,Boyacá,2027,Total,"1,300,861"
17,Caldas,2027,Total,"1,058,688"
18,Caquetá,2027,Total,"434,414"
19,Cauca,2027,Total,"1,626,829"
20,Cesar,2027,Total,"1,517,556"
23,Córdoba,2027,Total,"2,034,677"
25,Cundinamarca,2027,Total,"3,666,177"
27,Chocó,2027,Total,"605,445"
41,Huila,2027,Total,"1,234,410"
44,La Guajira,2027,Total,"1,097,813"
47,Magdalena,2027,Total,"1,571,623"
50,Meta,2027,Total,"1,176,253"
52,Nariño,2027,Total,"1,729,219"
54,Norte de Santander,2027,Total,"1,724,937"
63,Quindío,2027,Total,"557,628"
66,Risaralda,2027,Total,"1,009,900"
68,Santander,2027,Total,"2,421,733"
70,Sucre,2027,Total,"1,059,350"
73,Tolima,2027,Total,"1,394,882"
76,Valle del Cauca,2027,Total,"4,719,291"
81,Arauca,2027,Total,"280,714"
85,Casanare,2027,Total,"482,534"
86,Putumayo,2027,Total,"400,241"
88,"Archipiélago de San Andrés, Providencia y Santa Catalina",2027,Total,"63,585"
91,Amazonas,2027,Total,"86,680"
94,Guainía,2027,Total,"62,412"
95,Guaviare,2027,Total,"84,897"
97,Vaupés,2027,Total,"44,782"
99,Vichada,2027,Total,"159,624"
5,Antioquia,2028,Total,"7,025,480"
8,Atlántico,2028,Total,"2,922,933"
11,"Bogotá, D.C.",2028,Total,"7,937,939"
13,Bolívar,2028,Total,"2,267,647"
15,Boyacá,2028,Total,"1,305,527"
17,Caldas,2028,Total,"1,060,206"
18,Caquetá,2028,Total,"436,801"
19,Cauca,2028,Total,"1,639,568"
20,Cesar,2028,Total,"1,540,293"
23,Córdoba,2028,Total,"2,054,012"
25,Cundinamarca,2028,Total,"3,730,206"
27,Chocó,2028,Total,"611,179"
41,Huila,2028,Total,"1,246,444"
44,La Guajira,2028,Total,"1,112,417"
47,Magdalena,2028,Total,"1,583,567"
50,Meta,2028,Total,"1,185,260"
52,Nariño,2028,Total,"1,736,159"
54,Norte de Santander,2028,Total,"1,731,103"
63,Quindío,2028,Total,"557,110"
66,Risaralda,2028,Total,"1,012,491"
68,Santander,2028,Total,"2,431,859"
70,Sucre,2028,Total,"1,071,143"
73,Tolima,2028,Total,"1,398,089"
76,Valle del Cauca,2028,Total,"4,721,792"
81,Arauca,2028,Total,"281,205"
85,Casanare,2028,Total,"486,853"
86,Putumayo,2028,Total,"404,552"
88,"Archipiélago de San Andrés, Providencia y Santa Catalina",2028,Total,"63,642"
91,Amazonas,2028,Total,"87,337"
94,Guainía,2028,Total,"63,682"
95,Guaviare,2028,Total,"84,970"
97,Vaupés,2028,Total,"45,091"
99,Vichada,2028,Total,"164,945"
5,Antioquia,2029,Total,"7,052,085"
8,Atlántico,2029,Total,"2,939,774"
11,"Bogotá, D.C.",2029,Total,"7,928,632"
13,Bolívar,2029,Total,"2,274,493"
15,Boyacá,2029,Total,"1,309,800"
17,Caldas,2029,Total,"1,061,194"
18,Caquetá,2029,Total,"438,976"
19,Cauca,2029,Total,"1,651,870"
20,Cesar,2029,Total,"1,562,407"
23,Córdoba,2029,Total,"2,072,437"
25,Cundinamarca,2029,Total,"3,793,131"
27,Chocó,2029,Total,"616,551"
41,Huila,2029,Total,"1,257,839"
44,La Guajira,2029,Total,"1,126,570"
47,Magdalena,2029,Total,"1,594,525"
50,Meta,2029,Total,"1,193,819"
52,Nariño,2029,Total,"1,742,362"
54,Norte de Santander,2029,Total,"1,736,616"
63,Quindío,2029,Total,"556,360"
66,Risaralda,2029,Total,"1,014,677"
68,Santander,2029,Total,"2,440,955"
70,Sucre,2029,Total,"1,082,506"
73,Tolima,2029,Total,"1,401,062"
76,Valle del Cauca,2029,Total,"4,722,448"
81,Arauca,2029,Total,"281,572"
85,Casanare,2029,Total,"491,059"
86,Putumayo,2029,Total,"408,743"
88,"Archipiélago de San Andrés, Providencia y Santa Catalina",2029,Total,"63,670"
91,Amazonas,2029,Total,"87,951"
94,Guainía,2029,Total,"64,872"
95,Guaviare,2029,Total,"84,983"
97,Vaupés,2029,Total,"45,357"
99,Vichada,2029,Total,"170,110"
5,Antioquia,2030,Total,"7,076,190"
8,Atlántico,2030,Total,"2,955,778"
11,"Bogotá, D.C.",2030,Total,"7,916,525"
13,Bolívar,2030,Total,"2,280,625"
15,Boyacá,2030,Total,"1,313,448"
17,Caldas,2030,Total,"1,061,814"
18,Caquetá,2030,Total,"440,872"
19,Cauca,2030,Total,"1,663,341"
20,Cesar,2030,Cabecera Municipal,"1,194,213"
20,Cesar,2030,Centros Poblados y Rural Disperso,"389,657"
20,Cesar,2030,Total,"1,583,870"
23,Córdoba,2030,Cabecera Municipal,"1,101,448"
23,Córdoba,2030,Centros Poblados y Rural Disperso,"988,624"
23,Córdoba,2030,Total,"2,090,072"
25,Cundinamarca,2030,Cabecera Municipal,"3,028,522"
25,Cundinamarca,2030,Centros Poblados y Rural Disperso,"827,183"
25,Cundinamarca,2030,Total,"3,855,705"
27,Chocó,2030,Cabecera Municipal,"275,033"
27,Chocó,2030,Centros Poblados y Rural Disperso,"346,537"
27,Chocó,2030,Total,"621,570"
41,Huila,2030,Cabecera Municipal,"776,858"
41,Huila,2030,Centros Poblados y Rural Disperso,"491,874"
41,Huila,2030,Total,"1,268,732"
44,La Guajira,2030,Cabecera Municipal,"581,944"
44,La Guajira,2030,Centros Poblados y Rural Disperso,"558,246"
44,La Guajira,2030,Total,"1,140,190"
47,Magdalena,2030,Cabecera Municipal,"1,094,428"
47,Magdalena,2030,Centros Poblados y Rural Disperso,"510,357"
47,Magdalena,2030,Total,"1,604,785"
50,Meta,2030,Cabecera Municipal,"901,567"
50,Meta,2030,Centros Poblados y Rural Disperso,"300,372"
50,Meta,2030,Total,"1,201,939"
52,Nariño,2030,Cabecera Municipal,"770,607"
52,Nariño,2030,Centros Poblados y Rural Disperso,"977,500"
52,Nariño,2030,Total,"1,748,107"
54,Norte de Santander,2030,Cabecera Municipal,"1,355,224"
54,Norte de Santander,2030,Centros Poblados y Rural Disperso,"386,396"
54,Norte de Santander,2030,Total,"1,741,620"
63,Quindío,2030,Cabecera Municipal,"484,533"
63,Quindío,2030,Centros Poblados y Rural Disperso,"70,889"
63,Quindío,2030,Total,"555,422"
66,Risaralda,2030,Cabecera Municipal,"820,756"
66,Risaralda,2030,Centros Poblados y Rural Disperso,"195,774"
66,Risaralda,2030,Total,"1,016,530"
68,Santander,2030,Cabecera Municipal,"1,902,514"
68,Santander,2030,Centros Poblados y Rural Disperso,"546,813"
68,Santander,2030,Total,"2,449,327"
70,Sucre,2030,Cabecera Municipal,"690,223"
70,Sucre,2030,Centros Poblados y Rural Disperso,"403,138"
70,Sucre,2030,Total,"1,093,361"
73,Tolima,2030,Cabecera Municipal,"966,217"
73,Tolima,2030,Centros Poblados y Rural Disperso,"436,997"
73,Tolima,2030,Total,"1,403,214"
76,Valle del Cauca,2030,Cabecera Municipal,"4,004,673"
76,Valle del Cauca,2030,Centros Poblados y Rural Disperso,"717,043"
76,Valle del Cauca,2030,Total,"4,721,716"
81,Arauca,2030,Cabecera Municipal,"180,235"
81,Arauca,2030,Centros Poblados y Rural Disperso,"101,604"
81,Arauca,2030,Total,"281,839"
85,Casanare,2030,Cabecera Municipal,"364,647"
85,Casanare,2030,Centros Poblados y Rural Disperso,"130,285"
85,Casanare,2030,Total,"494,932"
86,Putumayo,2030,Cabecera Municipal,"214,750"
86,Putumayo,2030,Centros Poblados y Rural Disperso,"197,883"
86,Putumayo,2030,Total,"412,633"
88,"Archipiélago de San Andrés, Providencia y Santa Catalina",2030,Cabecera Municipal,"48,619"
88,"Archipiélago de San Andrés, Providencia y Santa Catalina",2030,Centros Poblados y Rural Disperso,"15,102"
88,"Archipiélago de San Andrés, Providencia y Santa Catalina",2030,Total,"63,721"
91,Amazonas,2030,Cabecera Municipal,"45,559"
91,Amazonas,2030,Centros Poblados y Rural Disperso,"42,946"
91,Amazonas,2030,Total,"88,505"
94,Guainía,2030,Cabecera Municipal,"30,955"
94,Guainía,2030,Centros Poblados y Rural Disperso,"35,058"
94,Guainía,2030,Total,"66,013"
95,Guaviare,2030,Cabecera Municipal,"46,487"
95,Guaviare,2030,Centros Poblados y Rural Disperso,"38,530"
95,Guaviare,2030,Total,"85,017"
97,Vaupés,2030,Cabecera Municipal,"11,139"
97,Vaupés,2030,Centros Poblados y Rural Disperso,"34,461"
97,Vaupés,2030,Total,"45,600"
99,Vichada,2030,Cabecera Municipal,"32,551"
99,Vichada,2030,Centros Poblados y Rural Disperso,"142,659"
99,Vichada,2030,Total,"175,210"
5,Antioquia,2031,Cabecera Municipal,"5,638,157"
5,Antioquia,2031,Centros Poblados y Rural Disperso,"1,459,648"
5,Antioquia,2031,Total,"7,097,805"
8,Atlántico,2031,Cabecera Municipal,"2,820,011"
8,Atlántico,2031,Centros Poblados y Rural Disperso,"150,856"
8,Atlántico,2031,Total,"2,970,867"
11,"Bogotá, D.C.",2031,Cabecera Municipal,"7,868,548"
11,"Bogotá, D.C.",2031,Centros Poblados y Rural Disperso,"33,048"
11,"Bogotá, D.C.",2031,Total,"7,901,596"
13,Bolívar,2031,Cabecera Municipal,"1,678,436"
13,Bolívar,2031,Centros Poblados y Rural Disperso,"607,555"
13,Bolívar,2031,Total,"2,285,991"
15,Boyacá,2031,Cabecera Municipal,"829,318"
15,Boyacá,2031,Centros Poblados y Rural Disperso,"487,785"
15,Boyacá,2031,Total,"1,317,103"
17,Caldas,2031,Cabecera Municipal,"837,927"
17,Caldas,2031,Centros Poblados y Rural Disperso,"224,012"
17,Caldas,2031,Total,"1,061,939"
18,Caquetá,2031,Cabecera Municipal,"287,354"
18,Caquetá,2031,Centros Poblados y Rural Disperso,"155,330"
18,Caquetá,2031,Total,"442,684"
19,Cauca,2031,Cabecera Municipal,"590,944"
19,Cauca,2031,Centros Poblados y Rural Disperso,"1,083,256"
19,Cauca,2031,Total,"1,674,200"
20,Cesar,2031,Cabecera Municipal,"1,210,838"
20,Cesar,2031,Centros Poblados y Rural Disperso,"393,925"
20,Cesar,2031,Total,"1,604,763"
23,Córdoba,2031,Cabecera Municipal,"1,111,615"
23,Córdoba,2031,Centros Poblados y Rural Disperso,"995,244"
23,Córdoba,2031,Total,"2,106,859"
25,Cundinamarca,2031,Cabecera Municipal,"3,094,894"
25,Cundinamarca,2031,Centros Poblados y Rural Disperso,"822,284"
25,Cundinamarca,2031,Total,"3,917,178"
27,Chocó,2031,Cabecera Municipal,"276,152"
27,Chocó,2031,Centros Poblados y Rural Disperso,"350,223"
27,Chocó,2031,Total,"626,375"
41,Huila,2031,Cabecera Municipal,"783,558"
41,Huila,2031,Centros Poblados y Rural Disperso,"495,475"
41,Huila,2031,Total,"1,279,033"
44,La Guajira,2031,Cabecera Municipal,"590,367"
44,La Guajira,2031,Centros Poblados y Rural Disperso,"563,112"
44,La Guajira,2031,Total,"1,153,479"
47,Magdalena,2031,Cabecera Municipal,"1,099,689"
47,Magdalena,2031,Centros Poblados y Rural Disperso,"514,613"
47,Magdalena,2031,Total,"1,614,302"
50,Meta,2031,Cabecera Municipal,"905,982"
50,Meta,2031,Centros Poblados y Rural Disperso,"303,597"
50,Meta,2031,Total,"1,209,579"
52,Nariño,2031,Cabecera Municipal,"773,039"
52,Nariño,2031,Centros Poblados y Rural Disperso,"980,143"
52,Nariño,2031,Total,"1,753,182"
54,Norte de Santander,2031,Cabecera Municipal,"1,357,277"
54,Norte de Santander,2031,Centros Poblados y Rural Disperso,"388,975"
54,Norte de Santander,2031,Total,"1,746,252"
63,Quindío,2031,Cabecera Municipal,"483,558"
63,Quindío,2031,Centros Poblados y Rural Disperso,"70,777"
63,Quindío,2031,Total,"554,335"
66,Risaralda,2031,Cabecera Municipal,"824,195"
66,Risaralda,2031,Centros Poblados y Rural Disperso,"193,726"
66,Risaralda,2031,Total,"1,017,921"
68,Santander,2031,Cabecera Municipal,"1,912,392"
68,Santander,2031,Centros Poblados y Rural Disperso,"544,318"
68,Santander,2031,Total,"2,456,710"
70,Sucre,2031,Cabecera Municipal,"697,169"
70,Sucre,2031,Centros Poblados y Rural Disperso,"406,627"
70,Sucre,2031,Total,"1,103,796"
73,Tolima,2031,Cabecera Municipal,"968,769"
73,Tolima,2031,Centros Poblados y Rural Disperso,"436,153"
73,Tolima,2031,Total,"1,404,922"
76,Valle del Cauca,2031,Cabecera Municipal,"4,001,017"
76,Valle del Cauca,2031,Centros Poblados y Rural Disperso,"718,253"
76,Valle del Cauca,2031,Total,"4,719,270"
81,Arauca,2031,Cabecera Municipal,"179,913"
81,Arauca,2031,Centros Poblados y Rural Disperso,"102,001"
81,Arauca,2031,Total,"281,914"
85,Casanare,2031,Cabecera Municipal,"368,423"
85,Casanare,2031,Centros Poblados y Rural Disperso,"130,246"
85,Casanare,2031,Total,"498,669"
86,Putumayo,2031,Cabecera Municipal,"216,985"
86,Putumayo,2031,Centros Poblados y Rural Disperso,"199,266"
86,Putumayo,2031,Total,"416,251"
88,"Archipiélago de San Andrés, Providencia y Santa Catalina",2031,Cabecera Municipal,"48,870"
88,"Archipiélago de San Andrés, Providencia y Santa Catalina",2031,Centros Poblados y Rural Disperso,"14,897"
88,"Archipiélago de San Andrés, Providencia y Santa Catalina",2031,Total,"63,767"
91,Amazonas,2031,Cabecera Municipal,"45,880"
91,Amazonas,2031,Centros Poblados y Rural Disperso,"43,164"
91,Amazonas,2031,Total,"89,044"
94,Guainía,2031,Cabecera Municipal,"31,474"
94,Guainía,2031,Centros Poblados y Rural Disperso,"35,621"
94,Guainía,2031,Total,"67,095"
95,Guaviare,2031,Cabecera Municipal,"46,279"
95,Guaviare,2031,Centros Poblados y Rural Disperso,"38,684"
95,Guaviare,2031,Total,"84,963"
97,Vaupés,2031,Cabecera Municipal,"10,982"
97,Vaupés,2031,Centros Poblados y Rural Disperso,"34,851"
97,Vaupés,2031,Total,"45,833"
99,Vichada,2031,Cabecera Municipal,"32,791"
99,Vichada,2031,Centros Poblados y Rural Disperso,"147,350"
99,Vichada,2031,Total,"180,141"
5,Antioquia,2032,Cabecera Municipal,"5,661,956"
5,Antioquia,2032,Centros Poblados y Rural Disperso,"1,454,889"
5,Antioquia,2032,Total,"7,116,845"
8,Atlántico,2032,Cabecera Municipal,"2,833,542"
8,Atlántico,2032,Centros Poblados y Rural Disperso,"151,683"
8,Atlántico,2032,Total,"2,985,225"
11,"Bogotá, D.C.",2032,Cabecera Municipal,"7,850,694"
11,"Bogotá, D.C.",2032,Centros Poblados y Rural Disperso,"33,229"
11,"Bogotá, D.C.",2032,Total,"7,883,923"
13,Bolívar,2032,Cabecera Municipal,"1,680,320"
13,Bolívar,2032,Centros Poblados y Rural Disperso,"610,466"
13,Bolívar,2032,Total,"2,290,786"
15,Boyacá,2032,Cabecera Municipal,"836,695"
15,Boyacá,2032,Centros Poblados y Rural Disperso,"483,472"
15,Boyacá,2032,Total,"1,320,167"
17,Caldas,2032,Cabecera Municipal,"841,100"
17,Caldas,2032,Centros Poblados y Rural Disperso,"220,594"
17,Caldas,2032,Total,"1,061,694"
18,Caquetá,2032,Cabecera Municipal,"287,951"
18,Caquetá,2032,Centros Poblados y Rural Disperso,"156,293"
18,Caquetá,2032,Total,"444,244"
19,Cauca,2032,Cabecera Municipal,"592,882"
19,Cauca,2032,Centros Poblados y Rural Disperso,"1,091,486"
19,Cauca,2032,Total,"1,684,368"
20,Cesar,2032,Cabecera Municipal,"1,226,936"
20,Cesar,2032,Centros Poblados y Rural Disperso,"397,969"
20,Cesar,2032,Total,"1,624,905"
23,Córdoba,2032,Cabecera Municipal,"1,121,545"
23,Córdoba,2032,Centros Poblados y Rural Disperso,"1,001,318"
23,Córdoba,2032,Total,"2,122,863"
25,Cundinamarca,2032,Cabecera Municipal,"3,160,305"
25,Cundinamarca,2032,Centros Poblados y Rural Disperso,"817,562"
25,Cundinamarca,2032,Total,"3,977,867"
27,Chocó,2032,Cabecera Municipal,"277,180"
27,Chocó,2032,Centros Poblados y Rural Disperso,"353,557"
27,Chocó,2032,Total,"630,737"
41,Huila,2032,Cabecera Municipal,"789,931"
41,Huila,2032,Centros Poblados y Rural Disperso,"498,841"
41,Huila,2032,Total,"1,288,772"
44,La Guajira,2032,Cabecera Municipal,"598,354"
44,La Guajira,2032,Centros Poblados y Rural Disperso,"568,019"
44,La Guajira,2032,Total,"1,166,373"
47,Magdalena,2032,Cabecera Municipal,"1,104,710"
47,Magdalena,2032,Centros Poblados y Rural Disperso,"518,443"
47,Magdalena,2032,Total,"1,623,153"
50,Meta,2032,Cabecera Municipal,"910,044"
50,Meta,2032,Centros Poblados y Rural Disperso,"306,726"
50,Meta,2032,Total,"1,216,770"
52,Nariño,2032,Cabecera Municipal,"775,224"
52,Nariño,2032,Centros Poblados y Rural Disperso,"982,566"
52,Nariño,2032,Total,"1,757,790"
54,Norte de Santander,2032,Cabecera Municipal,"1,359,229"
54,Norte de Santander,2032,Centros Poblados y Rural Disperso,"391,238"
54,Norte de Santander,2032,Total,"1,750,467"
63,Quindío,2032,Cabecera Municipal,"482,337"
63,Quindío,2032,Centros Poblados y Rural Disperso,"70,536"
63,Quindío,2032,Total,"552,873"
66,Risaralda,2032,Cabecera Municipal,"827,368"
66,Risaralda,2032,Centros Poblados y Rural Disperso,"191,588"
66,Risaralda,2032,Total,"1,018,956"
68,Santander,2032,Cabecera Municipal,"1,921,763"
68,Santander,2032,Centros Poblados y Rural Disperso,"541,816"
68,Santander,2032,Total,"2,463,579"
70,Sucre,2032,Cabecera Municipal,"703,730"
70,Sucre,2032,Centros Poblados y Rural Disperso,"409,998"
70,Sucre,2032,Total,"1,113,728"
73,Tolima,2032,Cabecera Municipal,"971,016"
73,Tolima,2032,Centros Poblados y Rural Disperso,"434,911"
73,Tolima,2032,Total,"1,405,927"
76,Valle del Cauca,2032,Cabecera Municipal,"3,995,894"
76,Valle del Cauca,2032,Centros Poblados y Rural Disperso,"719,455"
76,Valle del Cauca,2032,Total,"4,715,349"
81,Arauca,2032,Cabecera Municipal,"179,489"
81,Arauca,2032,Centros Poblados y Rural Disperso,"102,411"
81,Arauca,2032,Total,"281,900"
85,Casanare,2032,Cabecera Municipal,"371,970"
85,Casanare,2032,Centros Poblados y Rural Disperso,"130,203"
85,Casanare,2032,Total,"502,173"
86,Putumayo,2032,Cabecera Municipal,"218,992"
86,Putumayo,2032,Centros Poblados y Rural Disperso,"200,650"
86,Putumayo,2032,Total,"419,642"
88,"Archipiélago de San Andrés, Providencia y Santa Catalina",2032,Cabecera Municipal,"49,105"
88,"Archipiélago de San Andrés, Providencia y Santa Catalina",2032,Centros Poblados y Rural Disperso,"14,681"
88,"Archipiélago de San Andrés, Providencia y Santa Catalina",2032,Total,"63,786"
91,Amazonas,2032,Cabecera Municipal,"46,164"
91,Amazonas,2032,Centros Poblados y Rural Disperso,"43,311"
91,Amazonas,2032,Total,"89,475"
94,Guainía,2032,Cabecera Municipal,"31,906"
94,Guainía,2032,Centros Poblados y Rural Disperso,"36,188"
94,Guainía,2032,Total,"68,094"
95,Guaviare,2032,Cabecera Municipal,"46,042"
95,Guaviare,2032,Centros Poblados y Rural Disperso,"38,836"
95,Guaviare,2032,Total,"84,878"
97,Vaupés,2032,Cabecera Municipal,"10,847"
97,Vaupés,2032,Centros Poblados y Rural Disperso,"35,264"
97,Vaupés,2032,Total,"46,111"
99,Vichada,2032,Cabecera Municipal,"33,033"
99,Vichada,2032,Centros Poblados y Rural Disperso,"151,930"
99,Vichada,2032,Total,"184,963"
5,Antioquia,2033,Cabecera Municipal,"5,683,613"
5,Antioquia,2033,Centros Poblados y Rural Disperso,"1,449,590"
5,Antioquia,2033,Total,"7,133,203"
8,Atlántico,2033,Cabecera Municipal,"2,846,335"
8,Atlántico,2033,Centros Poblados y Rural Disperso,"152,543"
8,Atlántico,2033,Total,"2,998,878"
11,"Bogotá, D.C.",2033,Cabecera Municipal,"7,830,169"
11,"Bogotá, D.C.",2033,Centros Poblados y Rural Disperso,"33,314"
11,"Bogotá, D.C.",2033,Total,"7,863,483"
13,Bolívar,2033,Cabecera Municipal,"1,681,920"
13,Bolívar,2033,Centros Poblados y Rural Disperso,"613,134"
13,Bolívar,2033,Total,"2,295,054"
15,Boyacá,2033,Cabecera Municipal,"844,162"
15,Boyacá,2033,Centros Poblados y Rural Disperso,"478,672"
15,Boyacá,2033,Total,"1,322,834"
17,Caldas,2033,Cabecera Municipal,"843,770"
17,Caldas,2033,Centros Poblados y Rural Disperso,"217,119"
17,Caldas,2033,Total,"1,060,889"
18,Caquetá,2033,Cabecera Municipal,"288,317"
18,Caquetá,2033,Centros Poblados y Rural Disperso,"157,286"
18,Caquetá,2033,Total,"445,603"
19,Cauca,2033,Cabecera Municipal,"594,678"
19,Cauca,2033,Centros Poblados y Rural Disperso,"1,099,191"
19,Cauca,2033,Total,"1,693,869"
20,Cesar,2033,Cabecera Municipal,"1,242,704"
20,Cesar,2033,Centros Poblados y Rural Disperso,"401,913"
20,Cesar,2033,Total,"1,644,617"
23,Córdoba,2033,Cabecera Municipal,"1,131,122"
23,Córdoba,2033,Centros Poblados y Rural Disperso,"1,006,937"
23,Córdoba,2033,Total,"2,138,059"
25,Cundinamarca,2033,Cabecera Municipal,"3,224,590"
25,Cundinamarca,2033,Centros Poblados y Rural Disperso,"813,082"
25,Cundinamarca,2033,Total,"4,037,672"
27,Chocó,2033,Cabecera Municipal,"278,325"
27,Chocó,2033,Centros Poblados y Rural Disperso,"356,668"
27,Chocó,2033,Total,"634,993"
41,Huila,2033,Cabecera Municipal,"795,957"
41,Huila,2033,Centros Poblados y Rural Disperso,"501,983"
41,Huila,2033,Total,"1,297,940"
44,La Guajira,2033,Cabecera Municipal,"605,974"
44,La Guajira,2033,Centros Poblados y Rural Disperso,"572,821"
44,La Guajira,2033,Total,"1,178,795"
47,Magdalena,2033,Cabecera Municipal,"1,109,347"
47,Magdalena,2033,Centros Poblados y Rural Disperso,"521,851"
47,Magdalena,2033,Total,"1,631,198"
50,Meta,2033,Cabecera Municipal,"913,906"
50,Meta,2033,Centros Poblados y Rural Disperso,"309,741"
50,Meta,2033,Total,"1,223,647"
52,Nariño,2033,Cabecera Municipal,"777,124"
52,Nariño,2033,Centros Poblados y Rural Disperso,"984,602"
52,Nariño,2033,Total,"1,761,726"
54,Norte de Santander,2033,Cabecera Municipal,"1,360,998"
54,Norte de Santander,2033,Centros Poblados y Rural Disperso,"393,207"
54,Norte de Santander,2033,Total,"1,754,205"
63,Quindío,2033,Cabecera Municipal,"480,959"
63,Quindío,2033,Centros Poblados y Rural Disperso,"70,260"
63,Quindío,2033,Total,"551,219"
66,Risaralda,2033,Cabecera Municipal,"830,226"
66,Risaralda,2033,Centros Poblados y Rural Disperso,"189,339"
66,Risaralda,2033,Total,"1,019,565"
68,Santander,2033,Cabecera Municipal,"1,930,552"
68,Santander,2033,Centros Poblados y Rural Disperso,"539,143"
68,Santander,2033,Total,"2,469,695"
70,Sucre,2033,Cabecera Municipal,"710,034"
70,Sucre,2033,Centros Poblados y Rural Disperso,"413,221"
70,Sucre,2033,Total,"1,123,255"
73,Tolima,2033,Cabecera Municipal,"972,916"
73,Tolima,2033,Centros Poblados y Rural Disperso,"433,435"
73,Tolima,2033,Total,"1,406,351"
76,Valle del Cauca,2033,Cabecera Municipal,"3,989,255"
76,Valle del Cauca,2033,Centros Poblados y Rural Disperso,"720,522"
76,Valle del Cauca,2033,Total,"4,709,777"
81,Arauca,2033,Cabecera Municipal,"179,024"
81,Arauca,2033,Centros Poblados y Rural Disperso,"102,737"
81,Arauca,2033,Total,"281,761"
85,Casanare,2033,Cabecera Municipal,"375,305"
85,Casanare,2033,Centros Poblados y Rural Disperso,"130,160"
85,Casanare,2033,Total,"505,465"
86,Putumayo,2033,Cabecera Municipal,"220,840"
86,Putumayo,2033,Centros Poblados y Rural Disperso,"201,985"
86,Putumayo,2033,Total,"422,825"
88,"Archipiélago de San Andrés, Providencia y Santa Catalina",2033,Cabecera Municipal,"49,317"
88,"Archipiélago de San Andrés, Providencia y Santa Catalina",2033,Centros Poblados y Rural Disperso,"14,454"
88,"Archipiélago de San Andrés, Providencia y Santa Catalina",2033,Total,"63,771"
91,Amazonas,2033,Cabecera Municipal,"46,370"
91,Amazonas,2033,Centros Poblados y Rural Disperso,"43,490"
91,Amazonas,2033,Total,"89,860"
94,Guainía,2033,Cabecera Municipal,"32,296"
94,Guainía,2033,Centros Poblados y Rural Disperso,"36,718"
94,Guainía,2033,Total,"69,014"
95,Guaviare,2033,Cabecera Municipal,"45,780"
95,Guaviare,2033,Centros Poblados y Rural Disperso,"39,015"
95,Guaviare,2033,Total,"84,795"
97,Vaupés,2033,Cabecera Municipal,"10,707"
97,Vaupés,2033,Centros Poblados y Rural Disperso,"35,641"
97,Vaupés,2033,Total,"46,348"
99,Vichada,2033,Cabecera Municipal,"33,239"
99,Vichada,2033,Centros Poblados y Rural Disperso,"156,383"
99,Vichada,2033,Total,"189,622"
5,Antioquia,2034,Cabecera Municipal,"5,703,085"
5,Antioquia,2034,Centros Poblados y Rural Disperso,"1,443,839"
5,Antioquia,2034,Total,"7,146,924"
8,Atlántico,2034,Cabecera Municipal,"2,858,412"
8,Atlántico,2034,Centros Poblados y Rural Disperso,"153,375"
8,Atlántico,2034,Total,"3,011,787"
11,"Bogotá, D.C.",2034,Cabecera Municipal,"7,806,947"
11,"Bogotá, D.C.",2034,Centros Poblados y Rural Disperso,"33,362"
11,"Bogotá, D.C.",2034,Total,"7,840,309"
13,Bolívar,2034,Cabecera Municipal,"1,683,054"
13,Bolívar,2034,Centros Poblados y Rural Disperso,"615,498"
13,Bolívar,2034,Total,"2,298,552"
15,Boyacá,2034,Cabecera Municipal,"851,574"
15,Boyacá,2034,Centros Poblados y Rural Disperso,"473,496"
15,Boyacá,2034,Total,"1,325,070"
17,Caldas,2034,Cabecera Municipal,"845,956"
17,Caldas,2034,Centros Poblados y Rural Disperso,"213,653"
17,Caldas,2034,Total,"1,059,609"
18,Caquetá,2034,Cabecera Municipal,"288,546"
18,Caquetá,2034,Centros Poblados y Rural Disperso,"158,278"
18,Caquetá,2034,Total,"446,824"
19,Cauca,2034,Cabecera Municipal,"596,490"
19,Cauca,2034,Centros Poblados y Rural Disperso,"1,106,245"
19,Cauca,2034,Total,"1,702,735"
20,Cesar,2034,Cabecera Municipal,"1,257,970"
20,Cesar,2034,Centros Poblados y Rural Disperso,"405,705"
20,Cesar,2034,Total,"1,663,675"
23,Córdoba,2034,Cabecera Municipal,"1,140,447"
23,Córdoba,2034,Centros Poblados y Rural Disperso,"1,012,125"
23,Córdoba,2034,Total,"2,152,572"
25,Cundinamarca,2034,Cabecera Municipal,"3,287,843"
25,Cundinamarca,2034,Centros Poblados y Rural Disperso,"808,644"
25,Cundinamarca,2034,Total,"4,096,487"
27,Chocó,2034,Cabecera Municipal,"279,399"
27,Chocó,2034,Centros Poblados y Rural Disperso,"359,500"
27,Chocó,2034,Total,"638,899"
41,Huila,2034,Cabecera Municipal,"801,638"
41,Huila,2034,Centros Poblados y Rural Disperso,"504,902"
41,Huila,2034,Total,"1,306,540"
44,La Guajira,2034,Cabecera Municipal,"613,323"
44,La Guajira,2034,Centros Poblados y Rural Disperso,"577,586"
44,La Guajira,2034,Total,"1,190,909"
47,Magdalena,2034,Cabecera Municipal,"1,113,743"
47,Magdalena,2034,Centros Poblados y Rural Disperso,"524,914"
47,Magdalena,2034,Total,"1,638,657"
50,Meta,2034,Cabecera Municipal,"917,383"
50,Meta,2034,Centros Poblados y Rural Disperso,"312,647"
50,Meta,2034,Total,"1,230,030"
52,Nariño,2034,Cabecera Municipal,"778,732"
52,Nariño,2034,Centros Poblados y Rural Disperso,"986,359"
52,Nariño,2034,Total,"1,765,091"
54,Norte de Santander,2034,Cabecera Municipal,"1,362,738"
54,Norte de Santander,2034,Centros Poblados y Rural Disperso,"394,986"
54,Norte de Santander,2034,Total,"1,757,724"
63,Quindío,2034,Cabecera Municipal,"479,432"
63,Quindío,2034,Centros Poblados y Rural Disperso,"69,957"
63,Quindío,2034,Total,"549,389"
66,Risaralda,2034,Cabecera Municipal,"832,733"
66,Risaralda,2034,Centros Poblados y Rural Disperso,"186,939"
66,Risaralda,2034,Total,"1,019,672"
68,Santander,2034,Cabecera Municipal,"1,938,762"
68,Santander,2034,Centros Poblados y Rural Disperso,"536,310"
68,Santander,2034,Total,"2,475,072"
70,Sucre,2034,Cabecera Municipal,"716,028"
70,Sucre,2034,Centros Poblados y Rural Disperso,"416,313"
70,Sucre,2034,Total,"1,132,341"
73,Tolima,2034,Cabecera Municipal,"974,528"
73,Tolima,2034,Centros Poblados y Rural Disperso,"431,635"
73,Tolima,2034,Total,"1,406,163"
76,Valle del Cauca,2034,Cabecera Municipal,"3,981,070"
76,Valle del Cauca,2034,Centros Poblados y Rural Disperso,"721,481"
76,Valle del Cauca,2034,Total,"4,702,551"
81,Arauca,2034,Cabecera Municipal,"178,495"
81,Arauca,2034,Centros Poblados y Rural Disperso,"103,000"
81,Arauca,2034,Total,"281,495"
85,Casanare,2034,Cabecera Municipal,"378,434"
85,Casanare,2034,Centros Poblados y Rural Disperso,"130,185"
85,Casanare,2034,Total,"508,619"
86,Putumayo,2034,Cabecera Municipal,"222,459"
86,Putumayo,2034,Centros Poblados y Rural Disperso,"203,314"
86,Putumayo,2034,Total,"425,773"
88,"Archipiélago de San Andrés, Providencia y Santa Catalina",2034,Cabecera Municipal,"49,544"
88,"Archipiélago de San Andrés, Providencia y Santa Catalina",2034,Centros Poblados y Rural Disperso,"14,266"
88,"Archipiélago de San Andrés, Providencia y Santa Catalina",2034,Total,"63,810"
91,Amazonas,2034,Cabecera Municipal,"46,529"
91,Amazonas,2034,Centros Poblados y Rural Disperso,"43,682"
91,Amazonas,2034,Total,"90,211"
94,Guainía,2034,Cabecera Municipal,"32,646"
94,Guainía,2034,Centros Poblados y Rural Disperso,"37,272"
94,Guainía,2034,Total,"69,918"
95,Guaviare,2034,Cabecera Municipal,"45,492"
95,Guaviare,2034,Centros Poblados y Rural Disperso,"39,194"
95,Guaviare,2034,Total,"84,686"
97,Vaupés,2034,Cabecera Municipal,"10,568"
97,Vaupés,2034,Centros Poblados y Rural Disperso,"35,957"
97,Vaupés,2034,Total,"46,525"
99,Vichada,2034,Cabecera Municipal,"33,416"
99,Vichada,2034,Centros Poblados y Rural Disperso,"160,639"
99,Vichada,2034,Total,"194,055"
5,Antioquia,2035,Cabecera Municipal,"5,720,375"
5,Antioquia,2035,Centros Poblados y Rural Disperso,"1,437,648"
5,Antioquia,2035,Total,"7,158,023"
8,Atlántico,2035,Cabecera Municipal,"2,869,756"
8,Atlántico,2035,Centros Poblados y Rural Disperso,"154,183"
8,Atlántico,2035,Total,"3,023,939"
11,"Bogotá, D.C.",2035,Cabecera Municipal,"7,781,000"
11,"Bogotá, D.C.",2035,Centros Poblados y Rural Disperso,"33,324"
11,"Bogotá, D.C.",2035,Total,"7,814,324"
13,Bolívar,2035,Cabecera Municipal,"1,684,102"
13,Bolívar,2035,Centros Poblados y Rural Disperso,"617,764"
13,Bolívar,2035,Total,"2,301,866"
15,Boyacá,2035,Cabecera Municipal,"858,826"
15,Boyacá,2035,Centros Poblados y Rural Disperso,"468,061"
15,Boyacá,2035,Total,"1,326,887"
17,Caldas,2035,Cabecera Municipal,"847,743"
17,Caldas,2035,Centros Poblados y Rural Disperso,"210,150"
17,Caldas,2035,Total,"1,057,893"
18,Caquetá,2035,Cabecera Municipal,"288,606"
18,Caquetá,2035,Centros Poblados y Rural Disperso,"159,301"
18,Caquetá,2035,Total,"447,907"
19,Cauca,2035,Cabecera Municipal,"598,208"
19,Cauca,2035,Centros Poblados y Rural Disperso,"1,112,618"
19,Cauca,2035,Total,"1,710,826"
20,Cesar,2035,Cabecera Municipal,"1,272,862"
20,Cesar,2035,Centros Poblados y Rural Disperso,"409,327"
20,Cesar,2035,Total,"1,682,189"
23,Córdoba,2035,Cabecera Municipal,"1,149,392"
23,Córdoba,2035,Centros Poblados y Rural Disperso,"1,016,769"
23,Córdoba,2035,Total,"2,166,161"
25,Cundinamarca,2035,Cabecera Municipal,"3,350,034"
25,Cundinamarca,2035,Centros Poblados y Rural Disperso,"804,270"
25,Cundinamarca,2035,Total,"4,154,304"
27,Chocó,2035,Cabecera Municipal,"280,423"
27,Chocó,2035,Centros Poblados y Rural Disperso,"362,085"
27,Chocó,2035,Total,"642,508"
41,Huila,2035,Cabecera Municipal,"806,991"
41,Huila,2035,Centros Poblados y Rural Disperso,"507,628"
41,Huila,2035,Total,"1,314,619"
44,La Guajira,2035,Cabecera Municipal,"620,231"
44,La Guajira,2035,Centros Poblados y Rural Disperso,"582,327"
44,La Guajira,2035,Total,"1,202,558"
47,Magdalena,2035,Cabecera Municipal,"1,117,844"
47,Magdalena,2035,Centros Poblados y Rural Disperso,"527,569"
47,Magdalena,2035,Total,"1,645,413"
50,Meta,2035,Cabecera Municipal,"920,634"
50,Meta,2035,Centros Poblados y Rural Disperso,"315,384"
50,Meta,2035,Total,"1,236,018"
52,Nariño,2035,Cabecera Municipal,"780,064"
52,Nariño,2035,Centros Poblados y Rural Disperso,"987,828"
52,Nariño,2035,Total,"1,767,892"
54,Norte de Santander,2035,Cabecera Municipal,"1,364,348"
54,Norte de Santander,2035,Centros Poblados y Rural Disperso,"396,470"
54,Norte de Santander,2035,Total,"1,760,818"
63,Quindío,2035,Cabecera Municipal,"477,712"
63,Quindío,2035,Centros Poblados y Rural Disperso,"69,521"
63,Quindío,2035,Total,"547,233"
66,Risaralda,2035,Cabecera Municipal,"834,855"
66,Risaralda,2035,Centros Poblados y Rural Disperso,"184,494"
66,Risaralda,2035,Total,"1,019,349"
68,Santander,2035,Cabecera Municipal,"1,946,394"
68,Santander,2035,Centros Poblados y Rural Disperso,"533,331"
68,Santander,2035,Total,"2,479,725"
70,Sucre,2035,Cabecera Municipal,"721,809"
70,Sucre,2035,Centros Poblados y Rural Disperso,"419,257"
70,Sucre,2035,Total,"1,141,066"
73,Tolima,2035,Cabecera Municipal,"975,827"
73,Tolima,2035,Centros Poblados y Rural Disperso,"429,565"
73,Tolima,2035,Total,"1,405,392"
76,Valle del Cauca,2035,Cabecera Municipal,"3,971,334"
76,Valle del Cauca,2035,Centros Poblados y Rural Disperso,"722,388"
76,Valle del Cauca,2035,Total,"4,693,722"
81,Arauca,2035,Cabecera Municipal,"177,908"
81,Arauca,2035,Centros Poblados y Rural Disperso,"103,244"
81,Arauca,2035,Total,"281,152"
85,Casanare,2035,Cabecera Municipal,"381,320"
85,Casanare,2035,Centros Poblados y Rural Disperso,"130,202"
85,Casanare,2035,Total,"511,522"
86,Putumayo,2035,Cabecera Municipal,"223,848"
86,Putumayo,2035,Centros Poblados y Rural Disperso,"204,697"
86,Putumayo,2035,Total,"428,545"
88,"Archipiélago de San Andrés, Providencia y Santa Catalina",2035,Cabecera Municipal,"49,723"
88,"Archipiélago de San Andrés, Providencia y Santa Catalina",2035,Centros Poblados y Rural Disperso,"14,064"
88,"Archipiélago de San Andrés, Providencia y Santa Catalina",2035,Total,"63,787"
91,Amazonas,2035,Cabecera Municipal,"46,626"
91,Amazonas,2035,Centros Poblados y Rural Disperso,"43,855"
91,Amazonas,2035,Total,"90,481"
94,Guainía,2035,Cabecera Municipal,"32,926"
94,Guainía,2035,Centros Poblados y Rural Disperso,"37,793"
94,Guainía,2035,Total,"70,719"
95,Guaviare,2035,Cabecera Municipal,"45,195"
95,Guaviare,2035,Centros Poblados y Rural Disperso,"39,369"
95,Guaviare,2035,Total,"84,564"
97,Vaupés,2035,Cabecera Municipal,"10,443"
97,Vaupés,2035,Centros Poblados y Rural Disperso,"36,295"
97,Vaupés,2035,Total,"46,738"
99,Vichada,2035,Cabecera Municipal,"33,603"
99,Vichada,2035,Centros Poblados y Rural Disperso,"164,761"
99,Vichada,2035,Total,"198,364"
5,Antioquia,2036,Cabecera Municipal,"5,735,233"
5,Antioquia,2036,Centros Poblados y Rural Disperso,"1,431,181"
5,Antioquia,2036,Total,"7,166,414"
8,Atlántico,2036,Cabecera Municipal,"2,880,484"
8,Atlántico,2036,Centros Poblados y Rural Disperso,"154,973"
8,Atlántico,2036,Total,"3,035,457"
11,"Bogotá, D.C.",2036,Cabecera Municipal,"7,752,348"
11,"Bogotá, D.C.",2036,Centros Poblados y Rural Disperso,"33,231"
11,"Bogotá, D.C.",2036,Total,"7,785,579"
13,Bolívar,2036,Cabecera Municipal,"1,684,823"
13,Bolívar,2036,Centros Poblados y Rural Disperso,"619,677"
13,Bolívar,2036,Total,"2,304,500"
15,Boyacá,2036,Cabecera Municipal,"868,536"
15,Boyacá,2036,Centros Poblados y Rural Disperso,"462,125"
15,Boyacá,2036,Total,"1,330,661"
17,Caldas,2036,Cabecera Municipal,"848,941"
17,Caldas,2036,Centros Poblados y Rural Disperso,"206,775"
17,Caldas,2036,Total,"1,055,716"
18,Caquetá,2036,Cabecera Municipal,"288,509"
18,Caquetá,2036,Centros Poblados y Rural Disperso,"160,317"
18,Caquetá,2036,Total,"448,826"
19,Cauca,2036,Cabecera Municipal,"599,789"
19,Cauca,2036,Centros Poblados y Rural Disperso,"1,118,496"
19,Cauca,2036,Total,"1,718,285"
20,Cesar,2036,Cabecera Municipal,"1,287,344"
20,Cesar,2036,Centros Poblados y Rural Disperso,"412,751"
20,Cesar,2036,Total,"1,700,095"
23,Córdoba,2036,Cabecera Municipal,"1,158,164"
23,Córdoba,2036,Centros Poblados y Rural Disperso,"1,021,050"
23,Córdoba,2036,Total,"2,179,214"
25,Cundinamarca,2036,Cabecera Municipal,"3,408,319"
25,Cundinamarca,2036,Centros Poblados y Rural Disperso,"800,088"
25,Cundinamarca,2036,Total,"4,208,407"
27,Chocó,2036,Cabecera Municipal,"281,730"
27,Chocó,2036,Centros Poblados y Rural Disperso,"364,226"
27,Chocó,2036,Total,"645,956"
41,Huila,2036,Cabecera Municipal,"812,050"
41,Huila,2036,Centros Poblados y Rural Disperso,"510,056"
41,Huila,2036,Total,"1,322,106"
44,La Guajira,2036,Cabecera Municipal,"626,893"
44,La Guajira,2036,Centros Poblados y Rural Disperso,"587,054"
44,La Guajira,2036,Total,"1,213,947"
47,Magdalena,2036,Cabecera Municipal,"1,121,603"
47,Magdalena,2036,Centros Poblados y Rural Disperso,"529,974"
47,Magdalena,2036,Total,"1,651,577"
50,Meta,2036,Cabecera Municipal,"923,537"
50,Meta,2036,Centros Poblados y Rural Disperso,"318,077"
50,Meta,2036,Total,"1,241,614"
52,Nariño,2036,Cabecera Municipal,"781,219"
52,Nariño,2036,Centros Poblados y Rural Disperso,"988,967"
52,Nariño,2036,Total,"1,770,186"
54,Norte de Santander,2036,Cabecera Municipal,"1,365,838"
54,Norte de Santander,2036,Centros Poblados y Rural Disperso,"397,708"
54,Norte de Santander,2036,Total,"1,763,546"
63,Quindío,2036,Cabecera Municipal,"475,826"
63,Quindío,2036,Centros Poblados y Rural Disperso,"69,006"
63,Quindío,2036,Total,"544,832"
66,Risaralda,2036,Cabecera Municipal,"836,651"
66,Risaralda,2036,Centros Poblados y Rural Disperso,"181,827"
66,Risaralda,2036,Total,"1,018,478"
68,Santander,2036,Cabecera Municipal,"1,953,778"
68,Santander,2036,Centros Poblados y Rural Disperso,"530,299"
68,Santander,2036,Total,"2,484,077"
70,Sucre,2036,Cabecera Municipal,"727,214"
70,Sucre,2036,Centros Poblados y Rural Disperso,"422,006"
70,Sucre,2036,Total,"1,149,220"
73,Tolima,2036,Cabecera Municipal,"976,684"
73,Tolima,2036,Centros Poblados y Rural Disperso,"427,235"
73,Tolima,2036,Total,"1,403,919"
76,Valle del Cauca,2036,Cabecera Municipal,"3,960,065"
76,Valle del Cauca,2036,Centros Poblados y Rural Disperso,"723,143"
76,Valle del Cauca,2036,Total,"4,683,208"
81,Arauca,2036,Cabecera Municipal,"177,224"
81,Arauca,2036,Centros Poblados y Rural Disperso,"103,398"
81,Arauca,2036,Total,"280,622"
85,Casanare,2036,Cabecera Municipal,"384,028"
85,Casanare,2036,Centros Poblados y Rural Disperso,"130,191"
85,Casanare,2036,Total,"514,219"
86,Putumayo,2036,Cabecera Municipal,"225,004"
86,Putumayo,2036,Centros Poblados y Rural Disperso,"205,994"
86,Putumayo,2036,Total,"430,998"
88,"Archipiélago de San Andrés, Providencia y Santa Catalina",2036,Cabecera Municipal,"49,880"
88,"Archipiélago de San Andrés, Providencia y Santa Catalina",2036,Centros Poblados y Rural Disperso,"13,898"
88,"Archipiélago de San Andrés, Providencia y Santa Catalina",2036,Total,"63,778"
91,Amazonas,2036,Cabecera Municipal,"46,663"
91,Amazonas,2036,Centros Poblados y Rural Disperso,"44,080"
91,Amazonas,2036,Total,"90,743"
94,Guainía,2036,Cabecera Municipal,"33,158"
94,Guainía,2036,Centros Poblados y Rural Disperso,"38,328"
94,Guainía,2036,Total,"71,486"
95,Guaviare,2036,Cabecera Municipal,"44,874"
95,Guaviare,2036,Centros Poblados y Rural Disperso,"39,542"
95,Guaviare,2036,Total,"84,416"
97,Vaupés,2036,Cabecera Municipal,"10,327"
97,Vaupés,2036,Centros Poblados y Rural Disperso,"36,637"
97,Vaupés,2036,Total,"46,964"
99,Vichada,2036,Cabecera Municipal,"33,771"
99,Vichada,2036,Centros Poblados y Rural Disperso,"168,761"
99,Vichada,2036,Total,"202,532"
5,Antioquia,2037,Cabecera Municipal,"5,747,915"
5,Antioquia,2037,Centros Poblados y Rural Disperso,"1,424,107"
5,Antioquia,2037,Total,"7,172,022"
8,Atlántico,2037,Cabecera Municipal,"2,890,516"
8,Atlántico,2037,Centros Poblados y Rural Disperso,"155,733"
8,Atlántico,2037,Total,"3,046,249"
11,"Bogotá, D.C.",2037,Cabecera Municipal,"7,720,962"
11,"Bogotá, D.C.",2037,Centros Poblados y Rural Disperso,"33,079"
11,"Bogotá, D.C.",2037,Total,"7,754,041"
13,Bolívar,2037,Cabecera Municipal,"1,685,382"
13,Bolívar,2037,Centros Poblados y Rural Disperso,"621,388"
13,Bolívar,2037,Total,"2,306,770"
15,Boyacá,2037,Cabecera Municipal,"877,814"
15,Boyacá,2037,Centros Poblados y Rural Disperso,"455,937"
15,Boyacá,2037,Total,"1,333,751"
17,Caldas,2037,Cabecera Municipal,"849,642"
17,Caldas,2037,Centros Poblados y Rural Disperso,"203,257"
17,Caldas,2037,Total,"1,052,899"
18,Caquetá,2037,Cabecera Municipal,"288,281"
18,Caquetá,2037,Centros Poblados y Rural Disperso,"161,347"
18,Caquetá,2037,Total,"449,628"
19,Cauca,2037,Cabecera Municipal,"601,291"
19,Cauca,2037,Centros Poblados y Rural Disperso,"1,123,820"
19,Cauca,2037,Total,"1,725,111"
20,Cesar,2037,Cabecera Municipal,"1,301,453"
20,Cesar,2037,Centros Poblados y Rural Disperso,"416,042"
20,Cesar,2037,Total,"1,717,495"
23,Córdoba,2037,Cabecera Municipal,"1,166,675"
23,Córdoba,2037,Centros Poblados y Rural Disperso,"1,024,852"
23,Córdoba,2037,Total,"2,191,527"
25,Cundinamarca,2037,Cabecera Municipal,"3,465,766"
25,Cundinamarca,2037,Centros Poblados y Rural Disperso,"795,835"
25,Cundinamarca,2037,Total,"4,261,601"
27,Chocó,2037,Cabecera Municipal,"282,773"
27,Chocó,2037,Centros Poblados y Rural Disperso,"366,380"
27,Chocó,2037,Total,"649,153"
41,Huila,2037,Cabecera Municipal,"816,821"
41,Huila,2037,Centros Poblados y Rural Disperso,"512,358"
41,Huila,2037,Total,"1,329,179"
44,La Guajira,2037,Cabecera Municipal,"633,199"
44,La Guajira,2037,Centros Poblados y Rural Disperso,"591,719"
44,La Guajira,2037,Total,"1,224,918"
47,Magdalena,2037,Cabecera Municipal,"1,125,018"
47,Magdalena,2037,Centros Poblados y Rural Disperso,"532,033"
47,Magdalena,2037,Total,"1,657,051"
50,Meta,2037,Cabecera Municipal,"926,232"
50,Meta,2037,Centros Poblados y Rural Disperso,"320,704"
50,Meta,2037,Total,"1,246,936"
52,Nariño,2037,Cabecera Municipal,"782,070"
52,Nariño,2037,Centros Poblados y Rural Disperso,"989,784"
52,Nariño,2037,Total,"1,771,854"
54,Norte de Santander,2037,Cabecera Municipal,"1,367,282"
54,Norte de Santander,2037,Centros Poblados y Rural Disperso,"398,826"
54,Norte de Santander,2037,Total,"1,766,108"
63,Quindío,2037,Cabecera Municipal,"473,747"
63,Quindío,2037,Centros Poblados y Rural Disperso,"68,442"
63,Quindío,2037,Total,"542,189"
66,Risaralda,2037,Cabecera Municipal,"838,062"
66,Risaralda,2037,Centros Poblados y Rural Disperso,"179,156"
66,Risaralda,2037,Total,"1,017,218"
68,Santander,2037,Cabecera Municipal,"1,960,558"
68,Santander,2037,Centros Poblados y Rural Disperso,"527,062"
68,Santander,2037,Total,"2,487,620"
70,Sucre,2037,Cabecera Municipal,"732,384"
70,Sucre,2037,Centros Poblados y Rural Disperso,"424,679"
70,Sucre,2037,Total,"1,157,063"
73,Tolima,2037,Cabecera Municipal,"977,142"
73,Tolima,2037,Centros Poblados y Rural Disperso,"424,641"
73,Tolima,2037,Total,"1,401,783"
76,Valle del Cauca,2037,Cabecera Municipal,"3,947,272"
76,Valle del Cauca,2037,Centros Poblados y Rural Disperso,"723,818"
76,Valle del Cauca,2037,Total,"4,671,090"
81,Arauca,2037,Cabecera Municipal,"176,501"
81,Arauca,2037,Centros Poblados y Rural Disperso,"103,523"
81,Arauca,2037,Total,"280,024"
85,Casanare,2037,Cabecera Municipal,"386,485"
85,Casanare,2037,Centros Poblados y Rural Disperso,"130,167"
85,Casanare,2037,Total,"516,652"
86,Putumayo,2037,Cabecera Municipal,"226,019"
86,Putumayo,2037,Centros Poblados y Rural Disperso,"207,270"
86,Putumayo,2037,Total,"433,289"
88,"Archipiélago de San Andrés, Providencia y Santa Catalina",2037,Cabecera Municipal,"50,053"
88,"Archipiélago de San Andrés, Providencia y Santa Catalina",2037,Centros Poblados y Rural Disperso,"13,734"
88,"Archipiélago de San Andrés, Providencia y Santa Catalina",2037,Total,"63,787"
91,Amazonas,2037,Cabecera Municipal,"46,628"
91,Amazonas,2037,Centros Poblados y Rural Disperso,"44,277"
91,Amazonas,2037,Total,"90,905"
94,Guainía,2037,Cabecera Municipal,"33,338"
94,Guainía,2037,Centros Poblados y Rural Disperso,"38,831"
94,Guainía,2037,Total,"72,169"
95,Guaviare,2037,Cabecera Municipal,"44,525"
95,Guaviare,2037,Centros Poblados y Rural Disperso,"39,738"
95,Guaviare,2037,Total,"84,263"
97,Vaupés,2037,Cabecera Municipal,"10,223"
97,Vaupés,2037,Centros Poblados y Rural Disperso,"36,946"
97,Vaupés,2037,Total,"47,169"
99,Vichada,2037,Cabecera Municipal,"33,931"
99,Vichada,2037,Centros Poblados y Rural Disperso,"172,597"
99,Vichada,2037,Total,"206,528"
5,Antioquia,2038,Cabecera Municipal,"5,758,425"
5,Antioquia,2038,Centros Poblados y Rural Disperso,"1,416,580"
5,Antioquia,2038,Total,"7,175,005"
8,Atlántico,2038,Cabecera Municipal,"2,899,951"
8,Atlántico,2038,Centros Poblados y Rural Disperso,"156,451"
8,Atlántico,2038,Total,"3,056,402"
11,"Bogotá, D.C.",2038,Cabecera Municipal,"7,686,894"
11,"Bogotá, D.C.",2038,Centros Poblados y Rural Disperso,"32,880"
11,"Bogotá, D.C.",2038,Total,"7,719,774"
13,Bolívar,2038,Cabecera Municipal,"1,685,589"
13,Bolívar,2038,Centros Poblados y Rural Disperso,"622,912"
13,Bolívar,2038,Total,"2,308,501"
15,Boyacá,2038,Cabecera Municipal,"886,780"
15,Boyacá,2038,Centros Poblados y Rural Disperso,"449,714"
15,Boyacá,2038,Total,"1,336,494"
17,Caldas,2038,Cabecera Municipal,"849,886"
17,Caldas,2038,Centros Poblados y Rural Disperso,"199,803"
17,Caldas,2038,Total,"1,049,689"
18,Caquetá,2038,Cabecera Municipal,"287,895"
18,Caquetá,2038,Centros Poblados y Rural Disperso,"162,388"
18,Caquetá,2038,Total,"450,283"
19,Cauca,2038,Cabecera Municipal,"602,573"
19,Cauca,2038,Centros Poblados y Rural Disperso,"1,128,551"
19,Cauca,2038,Total,"1,731,124"
20,Cesar,2038,Cabecera Municipal,"1,315,178"
20,Cesar,2038,Centros Poblados y Rural Disperso,"419,194"
20,Cesar,2038,Total,"1,734,372"
23,Córdoba,2038,Cabecera Municipal,"1,174,880"
23,Córdoba,2038,Centros Poblados y Rural Disperso,"1,028,291"
23,Córdoba,2038,Total,"2,203,171"
25,Cundinamarca,2038,Cabecera Municipal,"3,522,261"
25,Cundinamarca,2038,Centros Poblados y Rural Disperso,"791,432"
25,Cundinamarca,2038,Total,"4,313,693"
27,Chocó,2038,Cabecera Municipal,"283,768"
27,Chocó,2038,Centros Poblados y Rural Disperso,"368,348"
27,Chocó,2038,Total,"652,116"
41,Huila,2038,Cabecera Municipal,"821,247"
41,Huila,2038,Centros Poblados y Rural Disperso,"514,433"
41,Huila,2038,Total,"1,335,680"
44,La Guajira,2038,Cabecera Municipal,"639,222"
44,La Guajira,2038,Centros Poblados y Rural Disperso,"596,338"
44,La Guajira,2038,Total,"1,235,560"
47,Magdalena,2038,Cabecera Municipal,"1,128,247"
47,Magdalena,2038,Centros Poblados y Rural Disperso,"533,837"
47,Magdalena,2038,Total,"1,662,084"
50,Meta,2038,Cabecera Municipal,"928,650"
50,Meta,2038,Centros Poblados y Rural Disperso,"323,178"
50,Meta,2038,Total,"1,251,828"
52,Nariño,2038,Cabecera Municipal,"782,714"
52,Nariño,2038,Centros Poblados y Rural Disperso,"990,325"
52,Nariño,2038,Total,"1,773,039"
54,Norte de Santander,2038,Cabecera Municipal,"1,368,619"
54,Norte de Santander,2038,Centros Poblados y Rural Disperso,"399,644"
54,Norte de Santander,2038,Total,"1,768,263"
63,Quindío,2038,Cabecera Municipal,"471,421"
63,Quindío,2038,Centros Poblados y Rural Disperso,"67,823"
63,Quindío,2038,Total,"539,244"
66,Risaralda,2038,Cabecera Municipal,"839,067"
66,Risaralda,2038,Centros Poblados y Rural Disperso,"176,315"
66,Risaralda,2038,Total,"1,015,382"
68,Santander,2038,Cabecera Municipal,"1,966,721"
68,Santander,2038,Centros Poblados y Rural Disperso,"523,669"
68,Santander,2038,Total,"2,490,390"
70,Sucre,2038,Cabecera Municipal,"737,250"
70,Sucre,2038,Centros Poblados y Rural Disperso,"427,195"
70,Sucre,2038,Total,"1,164,445"
73,Tolima,2038,Cabecera Municipal,"977,230"
73,Tolima,2038,Centros Poblados y Rural Disperso,"421,815"
73,Tolima,2038,Total,"1,399,045"
76,Valle del Cauca,2038,Cabecera Municipal,"3,933,025"
76,Valle del Cauca,2038,Centros Poblados y Rural Disperso,"724,344"
76,Valle del Cauca,2038,Total,"4,657,369"
81,Arauca,2038,Cabecera Municipal,"175,677"
81,Arauca,2038,Centros Poblados y Rural Disperso,"103,577"
81,Arauca,2038,Total,"279,254"
85,Casanare,2038,Cabecera Municipal,"388,767"
85,Casanare,2038,Centros Poblados y Rural Disperso,"130,228"
85,Casanare,2038,Total,"518,995"
86,Putumayo,2038,Cabecera Municipal,"226,867"
86,Putumayo,2038,Centros Poblados y Rural Disperso,"208,572"
86,Putumayo,2038,Total,"435,439"
88,"Archipiélago de San Andrés, Providencia y Santa Catalina",2038,Cabecera Municipal,"50,203"
88,"Archipiélago de San Andrés, Providencia y Santa Catalina",2038,Centros Poblados y Rural Disperso,"13,577"
88,"Archipiélago de San Andrés, Providencia y Santa Catalina",2038,Total,"63,780"
91,Amazonas,2038,Cabecera Municipal,"46,565"
91,Amazonas,2038,Centros Poblados y Rural Disperso,"44,507"
91,Amazonas,2038,Total,"91,072"
94,Guainía,2038,Cabecera Municipal,"33,469"
94,Guainía,2038,Centros Poblados y Rural Disperso,"39,334"
94,Guainía,2038,Total,"72,803"
95,Guaviare,2038,Cabecera Municipal,"44,167"
95,Guaviare,2038,Centros Poblados y Rural Disperso,"39,924"
95,Guaviare,2038,Total,"84,091"
97,Vaupés,2038,Cabecera Municipal,"10,133"
97,Vaupés,2038,Centros Poblados y Rural Disperso,"37,225"
97,Vaupés,2038,Total,"47,358"
99,Vichada,2038,Cabecera Municipal,"34,070"
99,Vichada,2038,Centros Poblados y Rural Disperso,"176,264"
99,Vichada,2038,Total,"210,334"
5,Antioquia,2039,Cabecera Municipal,"5,766,566"
5,Antioquia,2039,Centros Poblados y Rural Disperso,"1,408,563"
5,Antioquia,2039,Total,"7,175,129"
8,Atlántico,2039,Cabecera Municipal,"2,908,738"
8,Atlántico,2039,Centros Poblados y Rural Disperso,"157,222"
8,Atlántico,2039,Total,"3,065,960"
11,"Bogotá, D.C.",2039,Cabecera Municipal,"7,650,135"
11,"Bogotá, D.C.",2039,Centros Poblados y Rural Disperso,"32,639"
11,"Bogotá, D.C.",2039,Total,"7,682,774"
13,Bolívar,2039,Cabecera Municipal,"1,685,748"
13,Bolívar,2039,Centros Poblados y Rural Disperso,"624,214"
13,Bolívar,2039,Total,"2,309,962"
15,Boyacá,2039,Cabecera Municipal,"895,316"
15,Boyacá,2039,Centros Poblados y Rural Disperso,"443,103"
15,Boyacá,2039,Total,"1,338,419"
17,Caldas,2039,Cabecera Municipal,"849,621"
17,Caldas,2039,Centros Poblados y Rural Disperso,"196,242"
17,Caldas,2039,Total,"1,045,863"
18,Caquetá,2039,Cabecera Municipal,"287,379"
18,Caquetá,2039,Centros Poblados y Rural Disperso,"163,458"
18,Caquetá,2039,Total,"450,837"
19,Cauca,2039,Cabecera Municipal,"603,848"
19,Cauca,2039,Centros Poblados y Rural Disperso,"1,132,724"
19,Cauca,2039,Total,"1,736,572"
20,Cesar,2039,Cabecera Municipal,"1,328,596"
20,Cesar,2039,Centros Poblados y Rural Disperso,"422,268"
20,Cesar,2039,Total,"1,750,864"
23,Córdoba,2039,Cabecera Municipal,"1,182,800"
23,Córdoba,2039,Centros Poblados y Rural Disperso,"1,031,407"
23,Córdoba,2039,Total,"2,214,207"
25,Cundinamarca,2039,Cabecera Municipal,"3,577,817"
25,Cundinamarca,2039,Centros Poblados y Rural Disperso,"786,911"
25,Cundinamarca,2039,Total,"4,364,728"
27,Chocó,2039,Cabecera Municipal,"284,792"
27,Chocó,2039,Centros Poblados y Rural Disperso,"370,151"
27,Chocó,2039,Total,"654,943"
41,Huila,2039,Cabecera Municipal,"825,376"
41,Huila,2039,Centros Poblados y Rural Disperso,"516,309"
41,Huila,2039,Total,"1,341,685"
44,La Guajira,2039,Cabecera Municipal,"644,926"
44,La Guajira,2039,Centros Poblados y Rural Disperso,"600,816"
44,La Guajira,2039,Total,"1,245,742"
47,Magdalena,2039,Cabecera Municipal,"1,131,065"
47,Magdalena,2039,Centros Poblados y Rural Disperso,"535,275"
47,Magdalena,2039,Total,"1,666,340"
50,Meta,2039,Cabecera Municipal,"930,932"
50,Meta,2039,Centros Poblados y Rural Disperso,"325,553"
50,Meta,2039,Total,"1,256,485"
52,Nariño,2039,Cabecera Municipal,"783,113"
52,Nariño,2039,Centros Poblados y Rural Disperso,"990,515"
52,Nariño,2039,Total,"1,773,628"
54,Norte de Santander,2039,Cabecera Municipal,"1,369,899"
54,Norte de Santander,2039,Centros Poblados y Rural Disperso,"400,301"
54,Norte de Santander,2039,Total,"1,770,200"
63,Quindío,2039,Cabecera Municipal,"468,961"
63,Quindío,2039,Centros Poblados y Rural Disperso,"67,111"
63,Quindío,2039,Total,"536,072"
66,Risaralda,2039,Cabecera Municipal,"839,608"
66,Risaralda,2039,Centros Poblados y Rural Disperso,"173,463"
66,Risaralda,2039,Total,"1,013,071"
68,Santander,2039,Cabecera Municipal,"1,972,373"
68,Santander,2039,Centros Poblados y Rural Disperso,"520,282"
68,Santander,2039,Total,"2,492,655"
70,Sucre,2039,Cabecera Municipal,"741,852"
70,Sucre,2039,Centros Poblados y Rural Disperso,"429,627"
70,Sucre,2039,Total,"1,171,479"
73,Tolima,2039,Cabecera Municipal,"976,826"
73,Tolima,2039,Centros Poblados y Rural Disperso,"418,822"
73,Tolima,2039,Total,"1,395,648"
76,Valle del Cauca,2039,Cabecera Municipal,"3,917,182"
76,Valle del Cauca,2039,Centros Poblados y Rural Disperso,"724,798"
76,Valle del Cauca,2039,Total,"4,641,980"
81,Arauca,2039,Cabecera Municipal,"174,789"
81,Arauca,2039,Centros Poblados y Rural Disperso,"103,618"
81,Arauca,2039,Total,"278,407"
85,Casanare,2039,Cabecera Municipal,"390,765"
85,Casanare,2039,Centros Poblados y Rural Disperso,"130,313"
85,Casanare,2039,Total,"521,078"
86,Putumayo,2039,Cabecera Municipal,"227,539"
86,Putumayo,2039,Centros Poblados y Rural Disperso,"209,808"
86,Putumayo,2039,Total,"437,347"
88,"Archipiélago de San Andrés, Providencia y Santa Catalina",2039,Cabecera Municipal,"50,308"
88,"Archipiélago de San Andrés, Providencia y Santa Catalina",2039,Centros Poblados y Rural Disperso,"13,449"
88,"Archipiélago de San Andrés, Providencia y Santa Catalina",2039,Total,"63,757"
91,Amazonas,2039,Cabecera Municipal,"46,446"
91,Amazonas,2039,Centros Poblados y Rural Disperso,"44,785"
91,Amazonas,2039,Total,"91,231"
94,Guainía,2039,Cabecera Municipal,"33,577"
94,Guainía,2039,Centros Poblados y Rural Disperso,"39,829"
94,Guainía,2039,Total,"73,406"
95,Guaviare,2039,Cabecera Municipal,"43,781"
95,Guaviare,2039,Centros Poblados y Rural Disperso,"40,092"
95,Guaviare,2039,Total,"83,873"
97,Vaupés,2039,Cabecera Municipal,"10,055"
97,Vaupés,2039,Centros Poblados y Rural Disperso,"37,503"
97,Vaupés,2039,Total,"47,558"
99,Vichada,2039,Cabecera Municipal,"34,193"
99,Vichada,2039,Centros Poblados y Rural Disperso,"179,803"
99,Vichada,2039,Total,"213,996"
5,Antioquia,2040,Cabecera Municipal,"5,772,476"
5,Antioquia,2040,Centros Poblados y Rural Disperso,"1,400,217"
5,Antioquia,2040,Total,"7,172,693"
8,Atlántico,2040,Cabecera Municipal,"2,916,937"
8,Atlántico,2040,Centros Poblados y Rural Disperso,"157,922"
8,Atlántico,2040,Total,"3,074,859"
11,"Bogotá, D.C.",2040,Cabecera Municipal,"7,610,767"
11,"Bogotá, D.C.",2040,Centros Poblados y Rural Disperso,"32,359"
11,"Bogotá, D.C.",2040,Total,"7,643,126"
13,Bolívar,2040,Cabecera Municipal,"1,685,556"
13,Bolívar,2040,Centros Poblados y Rural Disperso,"625,354"
13,Bolívar,2040,Total,"2,310,910"
15,Boyacá,2040,Cabecera Municipal,"903,405"
15,Boyacá,2040,Centros Poblados y Rural Disperso,"436,474"
15,Boyacá,2040,Total,"1,339,879"
17,Caldas,2040,Cabecera Municipal,"848,921"
17,Caldas,2040,Centros Poblados y Rural Disperso,"192,675"
17,Caldas,2040,Total,"1,041,596"
18,Caquetá,2040,Cabecera Municipal,"286,793"
18,Caquetá,2040,Centros Poblados y Rural Disperso,"164,496"
18,Caquetá,2040,Total,"451,289"
19,Cauca,2040,Cabecera Municipal,"604,923"
19,Cauca,2040,Centros Poblados y Rural Disperso,"1,136,383"
19,Cauca,2040,Total,"1,741,306"
20,Cesar,2040,Cabecera Municipal,"1,341,540"
20,Cesar,2040,Centros Poblados y Rural Disperso,"425,067"
20,Cesar,2040,Total,"1,766,607"
23,Córdoba,2040,Cabecera Municipal,"1,190,411"
23,Córdoba,2040,Centros Poblados y Rural Disperso,"1,034,092"
23,Córdoba,2040,Total,"2,224,503"
25,Cundinamarca,2040,Cabecera Municipal,"3,632,428"
25,Cundinamarca,2040,Centros Poblados y Rural Disperso,"782,237"
25,Cundinamarca,2040,Total,"4,414,665"
27,Chocó,2040,Cabecera Municipal,"285,797"
27,Chocó,2040,Centros Poblados y Rural Disperso,"371,716"
27,Chocó,2040,Total,"657,513"
41,Huila,2040,Cabecera Municipal,"829,232"
41,Huila,2040,Centros Poblados y Rural Disperso,"517,995"
41,Huila,2040,Total,"1,347,227"
44,La Guajira,2040,Cabecera Municipal,"650,460"
44,La Guajira,2040,Centros Poblados y Rural Disperso,"605,327"
44,La Guajira,2040,Total,"1,255,787"
47,Magdalena,2040,Cabecera Municipal,"1,133,639"
47,Magdalena,2040,Centros Poblados y Rural Disperso,"536,540"
47,Magdalena,2040,Total,"1,670,179"
50,Meta,2040,Cabecera Municipal,"932,860"
50,Meta,2040,Centros Poblados y Rural Disperso,"327,870"
50,Meta,2040,Total,"1,260,730"
52,Nariño,2040,Cabecera Municipal,"783,309"
52,Nariño,2040,Centros Poblados y Rural Disperso,"990,549"
52,Nariño,2040,Total,"1,773,858"
54,Norte de Santander,2040,Cabecera Municipal,"1,371,063"
54,Norte de Santander,2040,Centros Poblados y Rural Disperso,"400,868"
54,Norte de Santander,2040,Total,"1,771,931"
63,Quindío,2040,Cabecera Municipal,"466,247"
63,Quindío,2040,Centros Poblados y Rural Disperso,"66,325"
63,Quindío,2040,Total,"532,572"
66,Risaralda,2040,Cabecera Municipal,"839,684"
66,Risaralda,2040,Centros Poblados y Rural Disperso,"170,591"
66,Risaralda,2040,Total,"1,010,275"
68,Santander,2040,Cabecera Municipal,"1,977,484"
68,Santander,2040,Centros Poblados y Rural Disperso,"516,665"
68,Santander,2040,Total,"2,494,149"
70,Sucre,2040,Cabecera Municipal,"746,244"
70,Sucre,2040,Centros Poblados y Rural Disperso,"431,913"
70,Sucre,2040,Total,"1,178,157"
73,Tolima,2040,Cabecera Municipal,"976,001"
73,Tolima,2040,Centros Poblados y Rural Disperso,"415,630"
73,Tolima,2040,Total,"1,391,631"
76,Valle del Cauca,2040,Cabecera Municipal,"3,899,914"
76,Valle del Cauca,2040,Centros Poblados y Rural Disperso,"725,012"
76,Valle del Cauca,2040,Total,"4,624,926"
81,Arauca,2040,Cabecera Municipal,"173,888"
81,Arauca,2040,Centros Poblados y Rural Disperso,"103,599"
81,Arauca,2040,Total,"277,487"
85,Casanare,2040,Cabecera Municipal,"392,592"
85,Casanare,2040,Centros Poblados y Rural Disperso,"130,312"
85,Casanare,2040,Total,"522,904"
86,Putumayo,2040,Cabecera Municipal,"228,011"
86,Putumayo,2040,Centros Poblados y Rural Disperso,"211,052"
86,Putumayo,2040,Total,"439,063"
88,"Archipiélago de San Andrés, Providencia y Santa Catalina",2040,Cabecera Municipal,"50,432"
88,"Archipiélago de San Andrés, Providencia y Santa Catalina",2040,Centros Poblados y Rural Disperso,"13,324"
88,"Archipiélago de San Andrés, Providencia y Santa Catalina",2040,Total,"63,756"
91,Amazonas,2040,Cabecera Municipal,"46,307"
91,Amazonas,2040,Centros Poblados y Rural Disperso,"44,999"
91,Amazonas,2040,Total,"91,306"
94,Guainía,2040,Cabecera Municipal,"33,635"
94,Guainía,2040,Centros Poblados y Rural Disperso,"40,352"
94,Guainía,2040,Total,"73,987"
95,Guaviare,2040,Cabecera Municipal,"43,404"
95,Guaviare,2040,Centros Poblados y Rural Disperso,"40,284"
95,Guaviare,2040,Total,"83,688"
97,Vaupés,2040,Cabecera Municipal,"9,967"
97,Vaupés,2040,Centros Poblados y Rural Disperso,"37,767"
97,Vaupés,2040,Total,"47,734"
99,Vichada,2040,Cabecera Municipal,"34,286"
99,Vichada,2040,Centros Poblados y Rural Disperso,"183,183"
99,Vichada,2040,Total,"217,469"
5,Antioquia,2041,Cabecera Municipal,"5,776,162"
5,Antioquia,2041,Centros Poblados y Rural Disperso,"1,391,374"
5,Antioquia,2041,Total,"7,167,536"
8,Atlántico,2041,Cabecera Municipal,"2,924,521"
8,Atlántico,2041,Centros Poblados y Rural Disperso,"158,579"
8,Atlántico,2041,Total,"3,083,100"
11,"Bogotá, D.C.",2041,Cabecera Municipal,"7,568,827"
11,"Bogotá, D.C.",2041,Centros Poblados y Rural Disperso,"32,049"
11,"Bogotá, D.C.",2041,Total,"7,600,876"
13,Bolívar,2041,Cabecera Municipal,"1,685,231"
13,Bolívar,2041,Centros Poblados y Rural Disperso,"626,252"
13,Bolívar,2041,Total,"2,311,483"
15,Boyacá,2041,Cabecera Municipal,"911,273"
15,Boyacá,2041,Centros Poblados y Rural Disperso,"429,765"
15,Boyacá,2041,Total,"1,341,038"
17,Caldas,2041,Cabecera Municipal,"847,668"
17,Caldas,2041,Centros Poblados y Rural Disperso,"189,052"
17,Caldas,2041,Total,"1,036,720"
18,Caquetá,2041,Cabecera Municipal,"286,160"
18,Caquetá,2041,Centros Poblados y Rural Disperso,"165,573"
18,Caquetá,2041,Total,"451,733"
19,Cauca,2041,Cabecera Municipal,"605,727"
19,Cauca,2041,Centros Poblados y Rural Disperso,"1,139,510"
19,Cauca,2041,Total,"1,745,237"
20,Cesar,2041,Cabecera Municipal,"1,354,222"
20,Cesar,2041,Centros Poblados y Rural Disperso,"427,772"
20,Cesar,2041,Total,"1,781,994"
23,Córdoba,2041,Cabecera Municipal,"1,197,692"
23,Córdoba,2041,Centros Poblados y Rural Disperso,"1,036,539"
23,Córdoba,2041,Total,"2,234,231"
25,Cundinamarca,2041,Cabecera Municipal,"3,685,854"
25,Cundinamarca,2041,Centros Poblados y Rural Disperso,"777,351"
25,Cundinamarca,2041,Total,"4,463,205"
27,Chocó,2041,Cabecera Municipal,"286,798"
27,Chocó,2041,Centros Poblados y Rural Disperso,"373,291"
27,Chocó,2041,Total,"660,089"
41,Huila,2041,Cabecera Municipal,"832,807"
41,Huila,2041,Centros Poblados y Rural Disperso,"519,486"
41,Huila,2041,Total,"1,352,293"
44,La Guajira,2041,Cabecera Municipal,"655,646"
44,La Guajira,2041,Centros Poblados y Rural Disperso,"609,759"
44,La Guajira,2041,Total,"1,265,405"
47,Magdalena,2041,Cabecera Municipal,"1,135,923"
47,Magdalena,2041,Centros Poblados y Rural Disperso,"537,577"
47,Magdalena,2041,Total,"1,673,500"
50,Meta,2041,Cabecera Municipal,"934,537"
50,Meta,2041,Centros Poblados y Rural Disperso,"330,068"
50,Meta,2041,Total,"1,264,605"
52,Nariño,2041,Cabecera Municipal,"783,296"
52,Nariño,2041,Centros Poblados y Rural Disperso,"990,118"
52,Nariño,2041,Total,"1,773,414"
54,Norte de Santander,2041,Cabecera Municipal,"1,372,175"
54,Norte de Santander,2041,Centros Poblados y Rural Disperso,"401,169"
54,Norte de Santander,2041,Total,"1,773,344"
63,Quindío,2041,Cabecera Municipal,"463,331"
63,Quindío,2041,Centros Poblados y Rural Disperso,"65,548"
63,Quindío,2041,Total,"528,879"
66,Risaralda,2041,Cabecera Municipal,"839,388"
66,Risaralda,2041,Centros Poblados y Rural Disperso,"167,583"
66,Risaralda,2041,Total,"1,006,971"
68,Santander,2041,Cabecera Municipal,"1,981,935"
68,Santander,2041,Centros Poblados y Rural Disperso,"512,978"
68,Santander,2041,Total,"2,494,913"
70,Sucre,2041,Cabecera Municipal,"750,388"
70,Sucre,2041,Centros Poblados y Rural Disperso,"434,066"
70,Sucre,2041,Total,"1,184,454"
73,Tolima,2041,Cabecera Municipal,"974,736"
73,Tolima,2041,Centros Poblados y Rural Disperso,"412,298"
73,Tolima,2041,Total,"1,387,034"
76,Valle del Cauca,2041,Cabecera Municipal,"3,881,257"
76,Valle del Cauca,2041,Centros Poblados y Rural Disperso,"725,166"
76,Valle del Cauca,2041,Total,"4,606,423"
81,Arauca,2041,Cabecera Municipal,"172,881"
81,Arauca,2041,Centros Poblados y Rural Disperso,"103,562"
81,Arauca,2041,Total,"276,443"
85,Casanare,2041,Cabecera Municipal,"394,260"
85,Casanare,2041,Centros Poblados y Rural Disperso,"130,364"
85,Casanare,2041,Total,"524,624"
86,Putumayo,2041,Cabecera Municipal,"228,352"
86,Putumayo,2041,Centros Poblados y Rural Disperso,"212,268"
86,Putumayo,2041,Total,"440,620"
88,"Archipiélago de San Andrés, Providencia y Santa Catalina",2041,Cabecera Municipal,"50,519"
88,"Archipiélago de San Andrés, Providencia y Santa Catalina",2041,Centros Poblados y Rural Disperso,"13,213"
88,"Archipiélago de San Andrés, Providencia y Santa Catalina",2041,Total,"63,732"
91,Amazonas,2041,Cabecera Municipal,"46,117"
91,Amazonas,2041,Centros Poblados y Rural Disperso,"45,250"
91,Amazonas,2041,Total,"91,367"
94,Guainía,2041,Cabecera Municipal,"33,647"
94,Guainía,2041,Centros Poblados y Rural Disperso,"40,810"
94,Guainía,2041,Total,"74,457"
95,Guaviare,2041,Cabecera Municipal,"43,003"
95,Guaviare,2041,Centros Poblados y Rural Disperso,"40,490"
95,Guaviare,2041,Total,"83,493"
97,Vaupés,2041,Cabecera Municipal,"9,868"
97,Vaupés,2041,Centros Poblados y Rural Disperso,"38,056"
97,Vaupés,2041,Total,"47,924"
99,Vichada,2041,Cabecera Municipal,"34,397"
99,Vichada,2041,Centros Poblados y Rural Disperso,"186,390"
99,Vichada,2041,Total,"220,787"
5,Antioquia,2042,Cabecera Municipal,"5,777,602"
5,Antioquia,2042,Centros Poblados y Rural Disperso,"1,382,132"
5,Antioquia,2042,Total,"7,159,734"
8,Atlántico,2042,Cabecera Municipal,"2,931,575"
8,Atlántico,2042,Centros Poblados y Rural Disperso,"159,171"
8,Atlántico,2042,Total,"3,090,746"
11,"Bogotá, D.C.",2042,Cabecera Municipal,"7,524,334"
11,"Bogotá, D.C.",2042,Centros Poblados y Rural Disperso,"31,707"
11,"Bogotá, D.C.",2042,Total,"7,556,041"
13,Bolívar,2042,Cabecera Municipal,"1,684,732"
13,Bolívar,2042,Centros Poblados y Rural Disperso,"627,036"
13,Bolívar,2042,Total,"2,311,768"
15,Boyacá,2042,Cabecera Municipal,"918,530"
15,Boyacá,2042,Centros Poblados y Rural Disperso,"422,811"
15,Boyacá,2042,Total,"1,341,341"
17,Caldas,2042,Cabecera Municipal,"846,066"
17,Caldas,2042,Centros Poblados y Rural Disperso,"185,467"
17,Caldas,2042,Total,"1,031,533"
18,Caquetá,2042,Cabecera Municipal,"285,352"
18,Caquetá,2042,Centros Poblados y Rural Disperso,"166,615"
18,Caquetá,2042,Total,"451,967"
19,Cauca,2042,Cabecera Municipal,"606,515"
19,Cauca,2042,Centros Poblados y Rural Disperso,"1,142,186"
19,Cauca,2042,Total,"1,748,701"
20,Cesar,2042,Cabecera Municipal,"1,366,518"
20,Cesar,2042,Centros Poblados y Rural Disperso,"430,380"
20,Cesar,2042,Total,"1,796,898"
23,Córdoba,2042,Cabecera Municipal,"1,204,758"
23,Córdoba,2042,Centros Poblados y Rural Disperso,"1,038,635"
23,Córdoba,2042,Total,"2,243,393"
25,Cundinamarca,2042,Cabecera Municipal,"3,738,431"
25,Cundinamarca,2042,Centros Poblados y Rural Disperso,"772,314"
25,Cundinamarca,2042,Total,"4,510,745"
27,Chocó,2042,Cabecera Municipal,"287,726"
27,Chocó,2042,Centros Poblados y Rural Disperso,"374,638"
27,Chocó,2042,Total,"662,364"
41,Huila,2042,Cabecera Municipal,"836,082"
41,Huila,2042,Centros Poblados y Rural Disperso,"520,827"
41,Huila,2042,Total,"1,356,909"
44,La Guajira,2042,Cabecera Municipal,"660,598"
44,La Guajira,2042,Centros Poblados y Rural Disperso,"614,073"
44,La Guajira,2042,Total,"1,274,671"
47,Magdalena,2042,Cabecera Municipal,"1,137,908"
47,Magdalena,2042,Centros Poblados y Rural Disperso,"538,375"
47,Magdalena,2042,Total,"1,676,283"
50,Meta,2042,Cabecera Municipal,"936,065"
50,Meta,2042,Centros Poblados y Rural Disperso,"332,193"
50,Meta,2042,Total,"1,268,258"
52,Nariño,2042,Cabecera Municipal,"783,066"
52,Nariño,2042,Centros Poblados y Rural Disperso,"989,551"
52,Nariño,2042,Total,"1,772,617"
54,Norte de Santander,2042,Cabecera Municipal,"1,373,189"
54,Norte de Santander,2042,Centros Poblados y Rural Disperso,"401,358"
54,Norte de Santander,2042,Total,"1,774,547"
63,Quindío,2042,Cabecera Municipal,"460,197"
63,Quindío,2042,Centros Poblados y Rural Disperso,"64,661"
63,Quindío,2042,Total,"524,858"
66,Risaralda,2042,Cabecera Municipal,"838,582"
66,Risaralda,2042,Centros Poblados y Rural Disperso,"164,574"
66,Risaralda,2042,Total,"1,003,156"
68,Santander,2042,Cabecera Municipal,"1,985,892"
68,Santander,2042,Centros Poblados y Rural Disperso,"509,288"
68,Santander,2042,Total,"2,495,180"
70,Sucre,2042,Cabecera Municipal,"754,186"
70,Sucre,2042,Centros Poblados y Rural Disperso,"436,140"
70,Sucre,2042,Total,"1,190,326"
73,Tolima,2042,Cabecera Municipal,"972,976"
73,Tolima,2042,Centros Poblados y Rural Disperso,"408,790"
73,Tolima,2042,Total,"1,381,766"
76,Valle del Cauca,2042,Cabecera Municipal,"3,861,073"
76,Valle del Cauca,2042,Centros Poblados y Rural Disperso,"725,077"
76,Valle del Cauca,2042,Total,"4,586,150"
81,Arauca,2042,Cabecera Municipal,"171,844"
81,Arauca,2042,Centros Poblados y Rural Disperso,"103,464"
81,Arauca,2042,Total,"275,308"
85,Casanare,2042,Cabecera Municipal,"395,663"
85,Casanare,2042,Centros Poblados y Rural Disperso,"130,430"
85,Casanare,2042,Total,"526,093"
86,Putumayo,2042,Cabecera Municipal,"228,569"
86,Putumayo,2042,Centros Poblados y Rural Disperso,"213,410"
86,Putumayo,2042,Total,"441,979"
88,"Archipiélago de San Andrés, Providencia y Santa Catalina",2042,Cabecera Municipal,"50,575"
88,"Archipiélago de San Andrés, Providencia y Santa Catalina",2042,Centros Poblados y Rural Disperso,"13,112"
88,"Archipiélago de San Andrés, Providencia y Santa Catalina",2042,Total,"63,687"
91,Amazonas,2042,Cabecera Municipal,"45,906"
91,Amazonas,2042,Centros Poblados y Rural Disperso,"45,518"
91,Amazonas,2042,Total,"91,424"
94,Guainía,2042,Cabecera Municipal,"33,647"
94,Guainía,2042,Centros Poblados y Rural Disperso,"41,276"
94,Guainía,2042,Total,"74,923"
95,Guaviare,2042,Cabecera Municipal,"42,588"
95,Guaviare,2042,Centros Poblados y Rural Disperso,"40,660"
95,Guaviare,2042,Total,"83,248"
97,Vaupés,2042,Cabecera Municipal,"9,790"
97,Vaupés,2042,Centros Poblados y Rural Disperso,"38,311"
97,Vaupés,2042,Total,"48,101"
99,Vichada,2042,Cabecera Municipal,"34,479"
99,Vichada,2042,Centros Poblados y Rural Disperso,"189,457"
99,Vichada,2042,Total,"223,936"
5,Antioquia,2043,Cabecera Municipal,"5,776,813"
5,Antioquia,2043,Centros Poblados y Rural Disperso,"1,372,557"
5,Antioquia,2043,Total,"7,149,370"
8,Atlántico,2043,Cabecera Municipal,"2,938,018"
8,Atlántico,2043,Centros Poblados y Rural Disperso,"159,788"
8,Atlántico,2043,Total,"3,097,806"
11,"Bogotá, D.C.",2043,Cabecera Municipal,"7,477,386"
11,"Bogotá, D.C.",2043,Centros Poblados y Rural Disperso,"31,339"
11,"Bogotá, D.C.",2043,Total,"7,508,725"
13,Bolívar,2043,Cabecera Municipal,"1,683,964"
13,Bolívar,2043,Centros Poblados y Rural Disperso,"627,594"
13,Bolívar,2043,Total,"2,311,558"
15,Boyacá,2043,Cabecera Municipal,"925,487"
15,Boyacá,2043,Centros Poblados y Rural Disperso,"415,697"
15,Boyacá,2043,Total,"1,341,184"
17,Caldas,2043,Cabecera Municipal,"843,875"
17,Caldas,2043,Centros Poblados y Rural Disperso,"181,772"
17,Caldas,2043,Total,"1,025,647"
18,Caquetá,2043,Cabecera Municipal,"284,460"
18,Caquetá,2043,Centros Poblados y Rural Disperso,"167,678"
18,Caquetá,2043,Total,"452,138"
19,Cauca,2043,Cabecera Municipal,"607,094"
19,Cauca,2043,Centros Poblados y Rural Disperso,"1,144,366"
19,Cauca,2043,Total,"1,751,460"
20,Cesar,2043,Cabecera Municipal,"1,378,502"
20,Cesar,2043,Centros Poblados y Rural Disperso,"432,878"
20,Cesar,2043,Total,"1,811,380"
23,Córdoba,2043,Cabecera Municipal,"1,211,442"
23,Córdoba,2043,Centros Poblados y Rural Disperso,"1,040,378"
23,Córdoba,2043,Total,"2,251,820"
25,Cundinamarca,2043,Cabecera Municipal,"3,789,844"
25,Cundinamarca,2043,Centros Poblados y Rural Disperso,"767,295"
25,Cundinamarca,2043,Total,"4,557,139"
27,Chocó,2043,Cabecera Municipal,"288,774"
27,Chocó,2043,Centros Poblados y Rural Disperso,"375,885"
27,Chocó,2043,Total,"664,659"
41,Huila,2043,Cabecera Municipal,"839,076"
41,Huila,2043,Centros Poblados y Rural Disperso,"521,999"
41,Huila,2043,Total,"1,361,075"
44,La Guajira,2043,Cabecera Municipal,"665,379"
44,La Guajira,2043,Centros Poblados y Rural Disperso,"618,320"
44,La Guajira,2043,Total,"1,283,699"
47,Magdalena,2043,Cabecera Municipal,"1,139,576"
47,Magdalena,2043,Centros Poblados y Rural Disperso,"538,917"
47,Magdalena,2043,Total,"1,678,493"
50,Meta,2043,Cabecera Municipal,"937,363"
50,Meta,2043,Centros Poblados y Rural Disperso,"334,188"
50,Meta,2043,Total,"1,271,551"
52,Nariño,2043,Cabecera Municipal,"782,638"
52,Nariño,2043,Centros Poblados y Rural Disperso,"988,638"
52,Nariño,2043,Total,"1,771,276"
54,Norte de Santander,2043,Cabecera Municipal,"1,374,012"
54,Norte de Santander,2043,Centros Poblados y Rural Disperso,"401,359"
54,Norte de Santander,2043,Total,"1,775,371"
63,Quindío,2043,Cabecera Municipal,"456,890"
63,Quindío,2043,Centros Poblados y Rural Disperso,"63,745"
63,Quindío,2043,Total,"520,635"
66,Risaralda,2043,Cabecera Municipal,"837,371"
66,Risaralda,2043,Centros Poblados y Rural Disperso,"161,565"
66,Risaralda,2043,Total,"998,936"
68,Santander,2043,Cabecera Municipal,"1,989,258"
68,Santander,2043,Centros Poblados y Rural Disperso,"505,394"
68,Santander,2043,Total,"2,494,652"
70,Sucre,2043,Cabecera Municipal,"757,834"
70,Sucre,2043,Centros Poblados y Rural Disperso,"438,150"
70,Sucre,2043,Total,"1,195,984"
73,Tolima,2043,Cabecera Municipal,"970,796"
73,Tolima,2043,Centros Poblados y Rural Disperso,"405,109"
73,Tolima,2043,Total,"1,375,905"
76,Valle del Cauca,2043,Cabecera Municipal,"3,839,531"
76,Valle del Cauca,2043,Centros Poblados y Rural Disperso,"724,829"
76,Valle del Cauca,2043,Total,"4,564,360"
81,Arauca,2043,Cabecera Municipal,"170,726"
81,Arauca,2043,Centros Poblados y Rural Disperso,"103,336"
81,Arauca,2043,Total,"274,062"
85,Casanare,2043,Cabecera Municipal,"396,931"
85,Casanare,2043,Centros Poblados y Rural Disperso,"130,517"
85,Casanare,2043,Total,"527,448"
86,Putumayo,2043,Cabecera Municipal,"228,621"
86,Putumayo,2043,Centros Poblados y Rural Disperso,"214,562"
86,Putumayo,2043,Total,"443,183"
88,"Archipiélago de San Andrés, Providencia y Santa Catalina",2043,Cabecera Municipal,"50,629"
88,"Archipiélago de San Andrés, Providencia y Santa Catalina",2043,Centros Poblados y Rural Disperso,"13,035"
88,"Archipiélago de San Andrés, Providencia y Santa Catalina",2043,Total,"63,664"
91,Amazonas,2043,Cabecera Municipal,"45,662"
91,Amazonas,2043,Centros Poblados y Rural Disperso,"45,773"
91,Amazonas,2043,Total,"91,435"
94,Guainía,2043,Cabecera Municipal,"33,619"
94,Guainía,2043,Centros Poblados y Rural Disperso,"41,739"
94,Guainía,2043,Total,"75,358"
95,Guaviare,2043,Cabecera Municipal,"42,181"
95,Guaviare,2043,Centros Poblados y Rural Disperso,"40,855"
95,Guaviare,2043,Total,"83,036"
97,Vaupés,2043,Cabecera Municipal,"9,716"
97,Vaupés,2043,Centros Poblados y Rural Disperso,"38,559"
97,Vaupés,2043,Total,"48,275"
99,Vichada,2043,Cabecera Municipal,"34,517"
99,Vichada,2043,Centros Poblados y Rural Disperso,"192,393"
99,Vichada,2043,Total,"226,910"
5,Antioquia,2044,Cabecera Municipal,"5,773,862"
5,Antioquia,2044,Centros Poblados y Rural Disperso,"1,362,592"
5,Antioquia,2044,Total,"7,136,454"
8,Atlántico,2044,Cabecera Municipal,"2,943,879"
8,Atlántico,2044,Centros Poblados y Rural Disperso,"160,303"
8,Atlántico,2044,Total,"3,104,182"
11,"Bogotá, D.C.",2044,Cabecera Municipal,"7,428,007"
11,"Bogotá, D.C.",2044,Centros Poblados y Rural Disperso,"30,939"
11,"Bogotá, D.C.",2044,Total,"7,458,946"
13,Bolívar,2044,Cabecera Municipal,"1,683,009"
13,Bolívar,2044,Centros Poblados y Rural Disperso,"628,083"
13,Bolívar,2044,Total,"2,311,092"
15,Boyacá,2044,Cabecera Municipal,"931,874"
15,Boyacá,2044,Centros Poblados y Rural Disperso,"408,837"
15,Boyacá,2044,Total,"1,340,711"
17,Caldas,2044,Cabecera Municipal,"841,345"
17,Caldas,2044,Centros Poblados y Rural Disperso,"178,092"
17,Caldas,2044,Total,"1,019,437"
18,Caquetá,2044,Cabecera Municipal,"283,578"
18,Caquetá,2044,Centros Poblados y Rural Disperso,"168,703"
18,Caquetá,2044,Total,"452,281"
19,Cauca,2044,Cabecera Municipal,"607,482"
19,Cauca,2044,Centros Poblados y Rural Disperso,"1,146,054"
19,Cauca,2044,Total,"1,753,536"
20,Cesar,2044,Cabecera Municipal,"1,390,101"
20,Cesar,2044,Centros Poblados y Rural Disperso,"435,245"
20,Cesar,2044,Total,"1,825,346"
23,Córdoba,2044,Cabecera Municipal,"1,217,868"
23,Córdoba,2044,Centros Poblados y Rural Disperso,"1,041,886"
23,Córdoba,2044,Total,"2,259,754"
25,Cundinamarca,2044,Cabecera Municipal,"3,840,126"
25,Cundinamarca,2044,Centros Poblados y Rural Disperso,"761,773"
25,Cundinamarca,2044,Total,"4,601,899"
27,Chocó,2044,Cabecera Municipal,"289,686"
27,Chocó,2044,Centros Poblados y Rural Disperso,"376,979"
27,Chocó,2044,Total,"666,665"
41,Huila,2044,Cabecera Municipal,"841,800"
41,Huila,2044,Centros Poblados y Rural Disperso,"523,007"
41,Huila,2044,Total,"1,364,807"
44,La Guajira,2044,Cabecera Municipal,"669,889"
44,La Guajira,2044,Centros Poblados y Rural Disperso,"622,495"
44,La Guajira,2044,Total,"1,292,384"
47,Magdalena,2044,Cabecera Municipal,"1,141,019"
47,Magdalena,2044,Centros Poblados y Rural Disperso,"539,272"
47,Magdalena,2044,Total,"1,680,291"
50,Meta,2044,Cabecera Municipal,"938,460"
50,Meta,2044,Centros Poblados y Rural Disperso,"336,202"
50,Meta,2044,Total,"1,274,662"
52,Nariño,2044,Cabecera Municipal,"781,987"
52,Nariño,2044,Centros Poblados y Rural Disperso,"987,500"
52,Nariño,2044,Total,"1,769,487"
54,Norte de Santander,2044,Cabecera Municipal,"1,374,781"
54,Norte de Santander,2044,Centros Poblados y Rural Disperso,"401,204"
54,Norte de Santander,2044,Total,"1,775,985"
63,Quindío,2044,Cabecera Municipal,"453,365"
63,Quindío,2044,Centros Poblados y Rural Disperso,"62,794"
63,Quindío,2044,Total,"516,159"
66,Risaralda,2044,Cabecera Municipal,"835,690"
66,Risaralda,2044,Centros Poblados y Rural Disperso,"158,483"
66,Risaralda,2044,Total,"994,173"
68,Santander,2044,Cabecera Municipal,"1,992,108"
68,Santander,2044,Centros Poblados y Rural Disperso,"501,423"
68,Santander,2044,Total,"2,493,531"
70,Sucre,2044,Cabecera Municipal,"761,191"
70,Sucre,2044,Centros Poblados y Rural Disperso,"439,969"
70,Sucre,2044,Total,"1,201,160"
73,Tolima,2044,Cabecera Municipal,"968,223"
73,Tolima,2044,Centros Poblados y Rural Disperso,"401,338"
73,Tolima,2044,Total,"1,369,561"
76,Valle del Cauca,2044,Cabecera Municipal,"3,816,655"
76,Valle del Cauca,2044,Centros Poblados y Rural Disperso,"724,425"
76,Valle del Cauca,2044,Total,"4,541,080"
81,Arauca,2044,Cabecera Municipal,"169,554"
81,Arauca,2044,Centros Poblados y Rural Disperso,"103,181"
81,Arauca,2044,Total,"272,735"
85,Casanare,2044,Cabecera Municipal,"397,966"
85,Casanare,2044,Centros Poblados y Rural Disperso,"130,546"
85,Casanare,2044,Total,"528,512"
86,Putumayo,2044,Cabecera Municipal,"228,567"
86,Putumayo,2044,Centros Poblados y Rural Disperso,"215,676"
86,Putumayo,2044,Total,"444,243"
88,"Archipiélago de San Andrés, Providencia y Santa Catalina",2044,Cabecera Municipal,"50,676"
88,"Archipiélago de San Andrés, Providencia y Santa Catalina",2044,Centros Poblados y Rural Disperso,"12,950"
88,"Archipiélago de San Andrés, Providencia y Santa Catalina",2044,Total,"63,626"
91,Amazonas,2044,Cabecera Municipal,"45,402"
91,Amazonas,2044,Centros Poblados y Rural Disperso,"46,038"
91,Amazonas,2044,Total,"91,440"
94,Guainía,2044,Cabecera Municipal,"33,540"
94,Guainía,2044,Centros Poblados y Rural Disperso,"42,194"
94,Guainía,2044,Total,"75,734"
95,Guaviare,2044,Cabecera Municipal,"41,771"
95,Guaviare,2044,Centros Poblados y Rural Disperso,"41,019"
95,Guaviare,2044,Total,"82,790"
97,Vaupés,2044,Cabecera Municipal,"9,627"
97,Vaupés,2044,Centros Poblados y Rural Disperso,"38,803"
97,Vaupés,2044,Total,"48,430"
99,Vichada,2044,Cabecera Municipal,"34,550"
99,Vichada,2044,Centros Poblados y Rural Disperso,"195,143"
99,Vichada,2044,Total,"229,693"
5,Antioquia,2045,Cabecera Municipal,"5,768,777"
5,Antioquia,2045,Centros Poblados y Rural Disperso,"1,352,268"
5,Antioquia,2045,Total,"7,121,045"
8,Atlántico,2045,Cabecera Municipal,"2,949,106"
8,Atlántico,2045,Centros Poblados y Rural Disperso,"160,833"
8,Atlántico,2045,Total,"3,109,939"
11,"Bogotá, D.C.",2045,Cabecera Municipal,"7,376,260"
11,"Bogotá, D.C.",2045,Centros Poblados y Rural Disperso,"30,510"
11,"Bogotá, D.C.",2045,Total,"7,406,770"
13,Bolívar,2045,Cabecera Municipal,"1,681,933"
13,Bolívar,2045,Centros Poblados y Rural Disperso,"628,285"
13,Bolívar,2045,Total,"2,310,218"
15,Boyacá,2045,Cabecera Municipal,"937,764"
15,Boyacá,2045,Centros Poblados y Rural Disperso,"401,737"
15,Boyacá,2045,Total,"1,339,501"
17,Caldas,2045,Cabecera Municipal,"838,252"
17,Caldas,2045,Centros Poblados y Rural Disperso,"174,379"
17,Caldas,2045,Total,"1,012,631"
18,Caquetá,2045,Cabecera Municipal,"282,654"
18,Caquetá,2045,Centros Poblados y Rural Disperso,"169,777"
18,Caquetá,2045,Total,"452,431"
19,Cauca,2045,Cabecera Municipal,"607,687"
19,Cauca,2045,Centros Poblados y Rural Disperso,"1,147,334"
19,Cauca,2045,Total,"1,755,021"
20,Cesar,2045,Cabecera Municipal,"1,401,440"
20,Cesar,2045,Centros Poblados y Rural Disperso,"437,437"
20,Cesar,2045,Total,"1,838,877"
23,Córdoba,2045,Cabecera Municipal,"1,224,019"
23,Córdoba,2045,Centros Poblados y Rural Disperso,"1,043,064"
23,Córdoba,2045,Total,"2,267,083"
25,Cundinamarca,2045,Cabecera Municipal,"3,889,340"
25,Cundinamarca,2045,Centros Poblados y Rural Disperso,"756,228"
25,Cundinamarca,2045,Total,"4,645,568"
27,Chocó,2045,Cabecera Municipal,"290,606"
27,Chocó,2045,Centros Poblados y Rural Disperso,"377,967"
27,Chocó,2045,Total,"668,573"
41,Huila,2045,Cabecera Municipal,"844,323"
41,Huila,2045,Centros Poblados y Rural Disperso,"523,828"
41,Huila,2045,Total,"1,368,151"
44,La Guajira,2045,Cabecera Municipal,"674,150"
44,La Guajira,2045,Centros Poblados y Rural Disperso,"626,613"
44,La Guajira,2045,Total,"1,300,763"
47,Magdalena,2045,Cabecera Municipal,"1,142,068"
47,Magdalena,2045,Centros Poblados y Rural Disperso,"539,494"
47,Magdalena,2045,Total,"1,681,562"
50,Meta,2045,Cabecera Municipal,"939,321"
50,Meta,2045,Centros Poblados y Rural Disperso,"338,050"
50,Meta,2045,Total,"1,277,371"
52,Nariño,2045,Cabecera Municipal,"781,155"
52,Nariño,2045,Centros Poblados y Rural Disperso,"986,070"
52,Nariño,2045,Total,"1,767,225"
54,Norte de Santander,2045,Cabecera Municipal,"1,375,508"
54,Norte de Santander,2045,Centros Poblados y Rural Disperso,"400,931"
54,Norte de Santander,2045,Total,"1,776,439"
63,Quindío,2045,Cabecera Municipal,"449,709"
63,Quindío,2045,Centros Poblados y Rural Disperso,"61,807"
63,Quindío,2045,Total,"511,516"
66,Risaralda,2045,Cabecera Municipal,"833,609"
66,Risaralda,2045,Centros Poblados y Rural Disperso,"155,343"
66,Risaralda,2045,Total,"988,952"
68,Santander,2045,Cabecera Municipal,"1,994,272"
68,Santander,2045,Centros Poblados y Rural Disperso,"497,416"
68,Santander,2045,Total,"2,491,688"
70,Sucre,2045,Cabecera Municipal,"764,276"
70,Sucre,2045,Centros Poblados y Rural Disperso,"441,723"
70,Sucre,2045,Total,"1,205,999"
73,Tolima,2045,Cabecera Municipal,"965,152"
73,Tolima,2045,Centros Poblados y Rural Disperso,"397,488"
73,Tolima,2045,Total,"1,362,640"
76,Valle del Cauca,2045,Cabecera Municipal,"3,792,474"
76,Valle del Cauca,2045,Centros Poblados y Rural Disperso,"723,812"
76,Valle del Cauca,2045,Total,"4,516,286"
81,Arauca,2045,Cabecera Municipal,"168,331"
81,Arauca,2045,Centros Poblados y Rural Disperso,"102,968"
81,Arauca,2045,Total,"271,299"
85,Casanare,2045,Cabecera Municipal,"398,791"
85,Casanare,2045,Centros Poblados y Rural Disperso,"130,647"
85,Casanare,2045,Total,"529,438"
86,Putumayo,2045,Cabecera Municipal,"228,413"
86,Putumayo,2045,Centros Poblados y Rural Disperso,"216,745"
86,Putumayo,2045,Total,"445,158"
88,"Archipiélago de San Andrés, Providencia y Santa Catalina",2045,Cabecera Municipal,"50,716"
88,"Archipiélago de San Andrés, Providencia y Santa Catalina",2045,Centros Poblados y Rural Disperso,"12,888"
88,"Archipiélago de San Andrés, Providencia y Santa Catalina",2045,Total,"63,604"
91,Amazonas,2045,Cabecera Municipal,"45,107"
91,Amazonas,2045,Centros Poblados y Rural Disperso,"46,266"
91,Amazonas,2045,Total,"91,373"
94,Guainía,2045,Cabecera Municipal,"33,455"
94,Guainía,2045,Centros Poblados y Rural Disperso,"42,612"
94,Guainía,2045,Total,"76,067"
95,Guaviare,2045,Cabecera Municipal,"41,342"
95,Guaviare,2045,Centros Poblados y Rural Disperso,"41,222"
95,Guaviare,2045,Total,"82,564"
97,Vaupés,2045,Cabecera Municipal,"9,520"
97,Vaupés,2045,Centros Poblados y Rural Disperso,"39,045"
97,Vaupés,2045,Total,"48,565"
99,Vichada,2045,Cabecera Municipal,"34,574"
99,Vichada,2045,Centros Poblados y Rural Disperso,"197,771"
99,Vichada,2045,Total,"232,345"
5,Antioquia,2046,Total,"7,103,144"
8,Atlántico,2046,Total,"3,115,136"
11,"Bogotá, D.C.",2046,Total,"7,352,279"
13,Bolívar,2046,Total,"2,308,793"
15,Boyacá,2046,Total,"1,337,839"
17,Caldas,2046,Total,"1,005,506"
18,Caquetá,2046,Total,"452,448"
19,Cauca,2046,Total,"1,755,918"
20,Cesar,2046,Total,"1,851,978"
23,Córdoba,2046,Total,"2,273,810"
25,Cundinamarca,2046,Total,"4,687,960"
27,Chocó,2046,Total,"670,351"
41,Huila,2046,Total,"1,371,056"
44,La Guajira,2046,Total,"1,308,930"
47,Magdalena,2046,Total,"1,682,380"
50,Meta,2046,Total,"1,279,804"
52,Nariño,2046,Total,"1,764,457"
54,Norte de Santander,2046,Total,"1,776,529"
63,Quindío,2046,Total,"506,554"
66,Risaralda,2046,Total,"983,308"
68,Santander,2046,Total,"2,489,053"
70,Sucre,2046,Total,"1,210,549"
73,Tolima,2046,Total,"1,355,231"
76,Valle del Cauca,2046,Total,"4,490,067"
81,Arauca,2046,Total,"269,776"
85,Casanare,2046,Total,"530,142"
86,Putumayo,2046,Total,"445,929"
88,"Archipiélago de San Andrés, Providencia y Santa Catalina",2046,Total,"63,571"
91,Amazonas,2046,Total,"91,316"
94,Guainía,2046,Total,"76,350"
95,Guaviare,2046,Total,"82,324"
97,Vaupés,2046,Total,"48,739"
99,Vichada,2046,Total,"234,818"
5,Antioquia,2047,Total,"7,082,876"
8,Atlántico,2047,Total,"3,119,607"
11,"Bogotá, D.C.",2047,Total,"7,295,524"
13,Bolívar,2047,Total,"2,307,283"
15,Boyacá,2047,Total,"1,335,691"
17,Caldas,2047,Total,"997,843"
18,Caquetá,2047,Total,"452,407"
19,Cauca,2047,Total,"1,756,260"
20,Cesar,2047,Total,"1,864,540"
23,Córdoba,2047,Total,"2,279,988"
25,Cundinamarca,2047,Total,"4,728,889"
27,Chocó,2047,Total,"672,024"
41,Huila,2047,Total,"1,373,596"
44,La Guajira,2047,Total,"1,316,722"
47,Magdalena,2047,Total,"1,682,650"
50,Meta,2047,Total,"1,281,989"
52,Nariño,2047,Total,"1,761,261"
54,Norte de Santander,2047,Total,"1,776,388"
63,Quindío,2047,Total,"501,476"
66,Risaralda,2047,Total,"977,267"
68,Santander,2047,Total,"2,485,855"
70,Sucre,2047,Total,"1,214,654"
73,Tolima,2047,Total,"1,347,239"
76,Valle del Cauca,2047,Total,"4,462,396"
81,Arauca,2047,Total,"268,133"
85,Casanare,2047,Total,"530,731"
86,Putumayo,2047,Total,"446,494"
88,"Archipiélago de San Andrés, Providencia y Santa Catalina",2047,Total,"63,502"
91,Amazonas,2047,Total,"91,243"
94,Guainía,2047,Total,"76,667"
95,Guaviare,2047,Total,"82,018"
97,Vaupés,2047,Total,"48,867"
99,Vichada,2047,Total,"237,099"
5,Antioquia,2048,Total,"7,061,324"
8,Atlántico,2048,Total,"3,123,433"
11,"Bogotá, D.C.",2048,Total,"7,236,560"
13,Bolívar,2048,Total,"2,305,136"
15,Boyacá,2048,Total,"1,332,958"
17,Caldas,2048,Total,"989,876"
18,Caquetá,2048,Total,"452,321"
19,Cauca,2048,Total,"1,755,875"
20,Cesar,2048,Total,"1,876,709"
23,Córdoba,2048,Total,"2,285,511"
25,Cundinamarca,2048,Total,"4,768,416"
27,Chocó,2048,Total,"672,592"
41,Huila,2048,Total,"1,375,785"
44,La Guajira,2048,Total,"1,324,236"
47,Magdalena,2048,Total,"1,682,519"
50,Meta,2048,Total,"1,283,897"
52,Nariño,2048,Total,"1,757,613"
54,Norte de Santander,2048,Total,"1,775,800"
63,Quindío,2048,Total,"496,172"
66,Risaralda,2048,Total,"970,790"
68,Santander,2048,Total,"2,482,181"
70,Sucre,2048,Total,"1,218,535"
73,Tolima,2048,Total,"1,338,812"
76,Valle del Cauca,2048,Total,"4,433,325"
81,Arauca,2048,Total,"266,438"
85,Casanare,2048,Total,"531,033"
86,Putumayo,2048,Total,"446,921"
88,"Archipiélago de San Andrés, Providencia y Santa Catalina",2048,Total,"63,440"
91,Amazonas,2048,Total,"91,172"
94,Guainía,2048,Total,"76,858"
95,Guaviare,2048,Total,"81,771"
97,Vaupés,2048,Total,"49,019"
99,Vichada,2048,Total,"239,270"
5,Antioquia,2049,Total,"7,036,496"
8,Atlántico,2049,Total,"3,126,605"
11,"Bogotá, D.C.",2049,Total,"7,175,532"
13,Bolívar,2049,Total,"2,302,623"
15,Boyacá,2049,Total,"1,330,033"
17,Caldas,2049,Total,"981,514"
18,Caquetá,2049,Total,"452,200"
19,Cauca,2049,Total,"1,754,998"
20,Cesar,2049,Total,"1,888,397"
23,Córdoba,2049,Total,"2,290,555"
25,Cundinamarca,2049,Total,"4,806,374"
27,Chocó,2049,Total,"673,948"
41,Huila,2049,Total,"1,377,515"
44,La Guajira,2049,Total,"1,331,380"
47,Magdalena,2049,Total,"1,681,922"
50,Meta,2049,Total,"1,285,542"
52,Nariño,2049,Total,"1,753,443"
54,Norte de Santander,2049,Total,"1,775,021"
63,Quindío,2049,Total,"490,768"
66,Risaralda,2049,Total,"963,954"
68,Santander,2049,Total,"2,477,610"
70,Sucre,2049,Total,"1,221,961"
73,Tolima,2049,Total,"1,329,869"
76,Valle del Cauca,2049,Total,"4,402,958"
81,Arauca,2049,Total,"264,590"
85,Casanare,2049,Total,"531,141"
86,Putumayo,2049,Total,"447,301"
88,"Archipiélago de San Andrés, Providencia y Santa Catalina",2049,Total,"63,405"
91,Amazonas,2049,Total,"91,020"
94,Guainía,2049,Total,"77,103"
95,Guaviare,2049,Total,"81,488"
97,Vaupés,2049,Total,"49,144"
99,Vichada,2049,Total,"241,247"
5,Antioquia,2050,Total,"7,009,537"
8,Atlántico,2050,Total,"3,129,154"
11,"Bogotá, D.C.",2050,Total,"7,112,442"
13,Bolívar,2050,Total,"2,299,543"
15,Boyacá,2050,Total,"1,326,466"
17,Caldas,2050,Total,"972,814"
18,Caquetá,2050,Total,"452,026"
19,Cauca,2050,Total,"1,753,565"
20,Cesar,2050,Total,"1,899,579"
23,Córdoba,2050,Total,"2,294,971"
25,Cundinamarca,2050,Total,"4,842,873"
27,Chocó,2050,Total,"675,143"
41,Huila,2050,Total,"1,378,928"
44,La Guajira,2050,Total,"1,338,301"
47,Magdalena,2050,Total,"1,680,900"
50,Meta,2050,Total,"1,286,877"
52,Nariño,2050,Total,"1,748,916"
54,Norte de Santander,2050,Total,"1,773,870"
63,Quindío,2050,Total,"485,150"
66,Risaralda,2050,Total,"956,846"
68,Santander,2050,Total,"2,472,425"
70,Sucre,2050,Total,"1,225,112"
73,Tolima,2050,Total,"1,320,600"
76,Valle del Cauca,2050,Total,"4,371,231"
81,Arauca,2050,Total,"262,795"
85,Casanare,2050,Total,"531,026"
86,Putumayo,2050,Total,"447,432"
88,"Archipiélago de San Andrés, Providencia y Santa Catalina",2050,Total,"63,319"
91,Amazonas,2050,Total,"90,872"
94,Guainía,2050,Total,"77,250"
95,Guaviare,2050,Total,"81,222"
97,Vaupés,2050,Total,"49,250"
99,Vichada,2050,Total,"243,055"
